corridor_id,segment_id,region,worldcover_tree_pct,worldcover_shrub_grass_pct,worldcover_built_pct,worldcover_bare_pct,data_status,data_source,instructions,as_of_date
OK-TX-2170,OK-TX-2170-S001,Kelowna / Okanagan,93.52,5.89,0.59,0.0,open_free_processed,ESA WorldCover 2021,,2026-06-22
OK-TX-2170,OK-TX-2170-S002,Kelowna / Okanagan,81.38,18.62,0.0,0.0,open_free_processed,ESA WorldCover 2021,,2026-06-22
OK-TX-2170,OK-TX-2170-S003,Kelowna / Okanagan,64.2,30.13,0.0,0.0,open_free_processed,ESA WorldCover 2021,,2026-06-22
OK-TX-2170,OK-TX-2170-S004,Kelowna / Okanagan,55.32,44.38,0.3,0.0,open_free_processed,ESA WorldCover 2021,,2026-06-22
OK-TX-2170,OK-TX-2170-S005,Kelowna / Okanagan,76.03,23.5,0.47,0.0,open_free_processed,ESA WorldCover 2021,,2026-06-22
OK-TX-2170,OK-TX-2170-S006,Kelowna / Okanagan,80.16,19.84,0.0,0.0,open_free_processed,ESA WorldCover 2021,,2026-06-22
OK-TX-2170,OK-TX-2170-S007,Kelowna / Okanagan,50.17,49.83,0.0,0.0,open_free_processed,ESA WorldCover 2021,,2026-06-22
OK-TX-2170,OK-TX-2170-S008,Kelowna / Okanagan,85.76,14.24,0.0,0.0,open_free_processed,ESA WorldCover 2021,,2026-06-22
OK-TX-2170,OK-TX-2170-S009,Kelowna / Okanagan,18.91,22.48,0.21,0.0,open_free_processed,ESA WorldCover 2021,,2026-06-22
OK-TX-2170,OK-TX-2170-S010,Kelowna / Okanagan,96.69,2.65,0.33,0.33,open_free_processed,ESA WorldCover 2021,,2026-06-22
OK-TX-2170,OK-TX-2170-S011,Kelowna / Okanagan,81.9,18.1,0.0,0.0,open_free_processed,ESA WorldCover 2021,,2026-06-22
OK-TX-2170,OK-TX-2170-S012,Kelowna / Okanagan,74.24,18.46,0.91,0.0,open_free_processed,ESA WorldCover 2021,,2026-06-22
OK-TX-2170,OK-TX-2170-S013,Kelowna / Okanagan,43.83,55.87,0.0,0.3,open_free_processed,ESA WorldCover 2021,,2026-06-22
OK-TX-2170,OK-TX-2170-S014,Kelowna / Okanagan,84.39,15.38,0.0,0.23,open_free_processed,ESA WorldCover 2021,,2026-06-22
OK-TX-2170,OK-TX-2170-S015,Kelowna / Okanagan,60.45,39.55,0.0,0.0,open_free_processed,ESA WorldCover 2021,,2026-06-22
OK-TX-2170,OK-TX-2170-S016,Kelowna / Okanagan,70.8,29.2,0.0,0.0,open_free_processed,ESA WorldCover 2021,,2026-06-22
OK-TX-2170,OK-TX-2170-S017,Kelowna / Okanagan,22.66,77.34,0.0,0.0,open_free_processed,ESA WorldCover 2021,,2026-06-22
OK-TX-2170,OK-TX-2170-S018,Kelowna / Okanagan,93.11,6.89,0.0,0.0,open_free_processed,ESA WorldCover 2021,,2026-06-22
OK-TX-2170,OK-TX-2170-S019,Kelowna / Okanagan,93.8,4.34,0.0,0.52,open_free_processed,ESA WorldCover 2021,,2026-06-22
OK-TX-2170,OK-TX-2170-S020,Kelowna / Okanagan,74.08,23.18,0.0,0.0,open_free_processed,ESA WorldCover 2021,,2026-06-22
OK-TX-2170,OK-TX-2170-S021,Kelowna / Okanagan,94.88,5.12,0.0,0.0,open_free_processed,ESA WorldCover 2021,,2026-06-22
OK-TX-2170,OK-TX-2170-S022,Kelowna / Okanagan,79.89,20.11,0.0,0.0,open_free_processed,ESA WorldCover 2021,,2026-06-22
OK-TX-2170,OK-TX-2170-S023,Kelowna / Okanagan,59.87,8.49,0.0,0.66,open_free_processed,ESA WorldCover 2021,,2026-06-22
OK-TX-2170,OK-TX-2170-S024,Kelowna / Okanagan,21.86,75.69,0.78,1.66,open_free_processed,ESA WorldCover 2021,,2026-06-22
OK-TX-2170,OK-TX-2170-S025,Kelowna / Okanagan,79.08,17.38,0.47,3.07,open_free_processed,ESA WorldCover 2021,,2026-06-22
OK-TX-2170,OK-TX-2170-S026,Kelowna / Okanagan,67.99,31.22,0.0,0.79,open_free_processed,ESA WorldCover 2021,,2026-06-22
OK-TX-2170,OK-TX-2170-S027,Kelowna / Okanagan,59.03,38.65,1.31,0.1,open_free_processed,ESA WorldCover 2021,,2026-06-22
OK-TX-2170,OK-TX-2170-S028,Kelowna / Okanagan,73.58,18.99,4.85,1.34,open_free_processed,ESA WorldCover 2021,,2026-06-22
OK-TX-2170,OK-TX-2170-S029,Kelowna / Okanagan,25.14,74.86,0.0,0.0,open_free_processed,ESA WorldCover 2021,,2026-06-22
OK-TX-2170,OK-TX-2170-S030,Kelowna / Okanagan,69.21,30.79,0.0,0.0,open_free_processed,ESA WorldCover 2021,,2026-06-22
OK-TX-2170,OK-TX-2170-S031,Kelowna / Okanagan,71.0,26.61,0.24,1.79,open_free_processed,ESA WorldCover 2021,,2026-06-22
OK-TX-2170,OK-TX-2170-S032,Kelowna / Okanagan,22.17,77.33,0.33,0.17,open_free_processed,ESA WorldCover 2021,,2026-06-22
OK-TX-2170,OK-TX-2170-S033,Kelowna / Okanagan,88.45,11.55,0.0,0.0,open_free_processed,ESA WorldCover 2021,,2026-06-22
OK-TX-2170,OK-TX-2170-S034,Kelowna / Okanagan,74.42,25.58,0.0,0.0,open_free_processed,ESA WorldCover 2021,,2026-06-22
OK-TX-2170,OK-TX-2170-S035,Kelowna / Okanagan,77.44,22.56,0.0,0.0,open_free_processed,ESA WorldCover 2021,,2026-06-22
OK-TX-2170,OK-TX-2170-S036,Kelowna / Okanagan,86.51,13.49,0.0,0.0,open_free_processed,ESA WorldCover 2021,,2026-06-22
OK-TX-2170,OK-TX-2170-S037,Kelowna / Okanagan,87.04,12.96,0.0,0.0,open_free_processed,ESA WorldCover 2021,,2026-06-22
OK-TX-2170,OK-TX-2170-S038,Kelowna / Okanagan,73.72,25.73,0.43,0.0,open_free_processed,ESA WorldCover 2021,,2026-06-22
OK-TX-2170,OK-TX-2170-S039,Kelowna / Okanagan,78.15,21.85,0.0,0.0,open_free_processed,ESA WorldCover 2021,,2026-06-22
OK-TX-2170,OK-TX-2170-S040,Kelowna / Okanagan,7.06,92.94,0.0,0.0,open_free_processed,ESA WorldCover 2021,,2026-06-22
OK-TX-2170,OK-TX-2170-S041,Kelowna / Okanagan,91.97,4.72,0.0,0.0,open_free_processed,ESA WorldCover 2021,,2026-06-22
OK-TX-2170,OK-TX-2170-S042,Kelowna / Okanagan,11.31,88.69,0.0,0.0,open_free_processed,ESA WorldCover 2021,,2026-06-22
OK-TX-2170,OK-TX-2170-S043,Kelowna / Okanagan,79.93,20.07,0.0,0.0,open_free_processed,ESA WorldCover 2021,,2026-06-22
OK-TX-2170,OK-TX-2170-S044,Kelowna / Okanagan,18.08,47.05,0.0,0.37,open_free_processed,ESA WorldCover 2021,,2026-06-22
OK-TX-2170,OK-TX-2170-S045,Kelowna / Okanagan,30.27,65.03,2.66,0.61,open_free_processed,ESA WorldCover 2021,,2026-06-22
OK-TX-861,OK-TX-861-S001,Kelowna / Okanagan,0.0,100.0,0.0,0.0,open_free_processed,ESA WorldCover 2021,,2026-06-22
OK-TX-863,OK-TX-863-S001,Kelowna / Okanagan,0.0,87.5,0.0,12.5,open_free_processed,ESA WorldCover 2021,,2026-06-22
OK-TX-820,OK-TX-820-S001,Kelowna / Okanagan,0.0,100.0,0.0,0.0,open_free_processed,ESA WorldCover 2021,,2026-06-22
OK-TX-818,OK-TX-818-S001,Kelowna / Okanagan,0.0,100.0,0.0,0.0,open_free_processed,ESA WorldCover 2021,,2026-06-22
OK-TX-1448,OK-TX-1448-S001,Kelowna / Okanagan,0.0,36.36,63.64,0.0,open_free_processed,ESA WorldCover 2021,,2026-06-22
OK-TX-1150,OK-TX-1150-S001,Kelowna / Okanagan,28.57,0.0,71.43,0.0,open_free_processed,ESA WorldCover 2021,,2026-06-22
OK-TX-1143,OK-TX-1143-S001,Kelowna / Okanagan,39.29,39.29,21.43,0.0,open_free_processed,ESA WorldCover 2021,,2026-06-22
OK-TX-1152,OK-TX-1152-S001,Kelowna / Okanagan,0.0,96.05,3.51,0.44,open_free_processed,ESA WorldCover 2021,,2026-06-22
OK-TX-1140,OK-TX-1140-S001,Kelowna / Okanagan,9.52,47.62,33.33,9.52,open_free_processed,ESA WorldCover 2021,,2026-06-22
OK-TX-836,OK-TX-836-S001,Kelowna / Okanagan,12.25,77.68,10.07,0.0,open_free_processed,ESA WorldCover 2021,,2026-06-22
OK-TX-836,OK-TX-836-S002,Kelowna / Okanagan,15.9,78.24,5.02,0.84,open_free_processed,ESA WorldCover 2021,,2026-06-22
OK-TX-606,OK-TX-606-S001,Kelowna / Okanagan,8.89,86.58,4.53,0.0,open_free_processed,ESA WorldCover 2021,,2026-06-22
OK-TX-606,OK-TX-606-S002,Kelowna / Okanagan,10.5,84.45,3.78,1.26,open_free_processed,ESA WorldCover 2021,,2026-06-22
OK-TX-969,OK-TX-969-S001,Kelowna / Okanagan,14.22,84.91,0.86,0.0,open_free_processed,ESA WorldCover 2021,,2026-06-22
OK-TX-1009,OK-TX-1009-S001,Kelowna / Okanagan,6.8,90.18,1.01,1.26,open_free_processed,ESA WorldCover 2021,,2026-06-22
OK-TX-1128,OK-TX-1128-S001,Kelowna / Okanagan,15.44,84.56,0.0,0.0,open_free_processed,ESA WorldCover 2021,,2026-06-22
OK-TX-1117,OK-TX-1117-S001,Kelowna / Okanagan,27.09,72.91,0.0,0.0,open_free_processed,ESA WorldCover 2021,,2026-06-22
OK-TX-1195,OK-TX-1195-S001,Kelowna / Okanagan,75.89,22.58,0.0,0.0,open_free_processed,ESA WorldCover 2021,,2026-06-22
OK-TX-1115,OK-TX-1115-S001,Kelowna / Okanagan,67.37,29.4,0.0,0.0,open_free_processed,ESA WorldCover 2021,,2026-06-22
OK-TX-779,OK-TX-779-S001,Kelowna / Okanagan,3.77,69.81,9.43,2.52,open_free_processed,ESA WorldCover 2021,,2026-06-22
OK-TX-1070,OK-TX-1070-S001,Kelowna / Okanagan,0.55,49.11,14.13,36.21,open_free_processed,ESA WorldCover 2021,,2026-06-22
OK-TX-867,OK-TX-867-S001,Kelowna / Okanagan,12.21,83.01,3.54,1.24,open_free_processed,ESA WorldCover 2021,,2026-06-22
OK-TX-1185,OK-TX-1185-S001,Kelowna / Okanagan,82.7,17.3,0.0,0.0,open_free_processed,ESA WorldCover 2021,,2026-06-22
OK-TX-1069,OK-TX-1069-S001,Kelowna / Okanagan,93.06,6.94,0.0,0.0,open_free_processed,ESA WorldCover 2021,,2026-06-22
OK-TX-1316,OK-TX-1316-S001,Kelowna / Okanagan,100.0,0.0,0.0,0.0,open_free_processed,ESA WorldCover 2021,,2026-06-22
OK-TX-1335,OK-TX-1335-S001,Kelowna / Okanagan,64.29,0.0,28.57,7.14,open_free_processed,ESA WorldCover 2021,,2026-06-22
OK-TX-1334,OK-TX-1334-S001,Kelowna / Okanagan,0.0,72.22,27.78,0.0,open_free_processed,ESA WorldCover 2021,,2026-06-22
OK-TX-897,OK-TX-897-S001,Kelowna / Okanagan,0.0,74.19,24.19,1.61,open_free_processed,ESA WorldCover 2021,,2026-06-22
OK-TX-1265,OK-TX-1265-S001,Kelowna / Okanagan,3.08,69.23,24.62,3.08,open_free_processed,ESA WorldCover 2021,,2026-06-22
OK-TX-821,OK-TX-821-S001,Kelowna / Okanagan,0.0,78.01,3.16,13.1,open_free_processed,ESA WorldCover 2021,,2026-06-22
OK-TX-1114,OK-TX-1114-S001,Kelowna / Okanagan,61.31,22.14,14.36,2.19,open_free_processed,ESA WorldCover 2021,,2026-06-22
OK-TX-1015,OK-TX-1015-S001,Kelowna / Okanagan,36.73,54.98,7.58,0.71,open_free_processed,ESA WorldCover 2021,,2026-06-22
OK-TX-834,OK-TX-834-S001,Kelowna / Okanagan,16.67,0.0,83.33,0.0,open_free_processed,ESA WorldCover 2021,,2026-06-22
OK-TX-1449,OK-TX-1449-S001,Kelowna / Okanagan,1.92,93.61,4.47,0.0,open_free_processed,ESA WorldCover 2021,,2026-06-22
OK-TX-1348,OK-TX-1348-S001,Kelowna / Okanagan,32.77,67.23,0.0,0.0,open_free_processed,ESA WorldCover 2021,,2026-06-22
OK-TX-1184,OK-TX-1184-S001,Kelowna / Okanagan,30.62,69.38,0.0,0.0,open_free_processed,ESA WorldCover 2021,,2026-06-22
OK-TX-1347,OK-TX-1347-S001,Kelowna / Okanagan,13.53,86.47,0.0,0.0,open_free_processed,ESA WorldCover 2021,,2026-06-22
OK-TX-1338,OK-TX-1338-S001,Kelowna / Okanagan,54.0,42.0,2.5,1.5,open_free_processed,ESA WorldCover 2021,,2026-06-22
OK-TX-805,OK-TX-805-S001,Kelowna / Okanagan,61.8,38.2,0.0,0.0,open_free_processed,ESA WorldCover 2021,,2026-06-22
OK-TX-1343,OK-TX-1343-S001,Kelowna / Okanagan,12.26,87.74,0.0,0.0,open_free_processed,ESA WorldCover 2021,,2026-06-22
OK-TX-1339,OK-TX-1339-S001,Kelowna / Okanagan,0.0,53.85,23.08,23.08,open_free_processed,ESA WorldCover 2021,,2026-06-22
OK-TX-1333,OK-TX-1333-S001,Kelowna / Okanagan,0.0,65.71,8.57,25.71,open_free_processed,ESA WorldCover 2021,,2026-06-22
OK-TX-1331,OK-TX-1331-S001,Kelowna / Okanagan,60.23,36.55,3.22,0.0,open_free_processed,ESA WorldCover 2021,,2026-06-22
OK-TX-1346,OK-TX-1346-S001,Kelowna / Okanagan,0.0,100.0,0.0,0.0,open_free_processed,ESA WorldCover 2021,,2026-06-22
OK-TX-1332,OK-TX-1332-S001,Kelowna / Okanagan,33.01,16.31,46.37,3.93,open_free_processed,ESA WorldCover 2021,,2026-06-22
OK-TX-1031,OK-TX-1031-S001,Kelowna / Okanagan,13.58,74.86,5.49,6.07,open_free_processed,ESA WorldCover 2021,,2026-06-22
OK-TX-860,OK-TX-860-S001,Kelowna / Okanagan,0.0,67.24,0.0,29.91,open_free_processed,ESA WorldCover 2021,,2026-06-22
OK-TX-823,OK-TX-823-S001,Kelowna / Okanagan,0.0,57.52,0.0,34.31,open_free_processed,ESA WorldCover 2021,,2026-06-22
OK-TX-1447,OK-TX-1447-S001,Kelowna / Okanagan,48.24,44.49,7.05,0.0,open_free_processed,ESA WorldCover 2021,,2026-06-22
OK-TX-878,OK-TX-878-S001,Kelowna / Okanagan,0.0,100.0,0.0,0.0,open_free_processed,ESA WorldCover 2021,,2026-06-22
OK-TX-877,OK-TX-877-S001,Kelowna / Okanagan,0.0,100.0,0.0,0.0,open_free_processed,ESA WorldCover 2021,,2026-06-22
OK-TX-876,OK-TX-876-S001,Kelowna / Okanagan,0.0,100.0,0.0,0.0,open_free_processed,ESA WorldCover 2021,,2026-06-22
OK-TX-1016,OK-TX-1016-S001,Kelowna / Okanagan,0.0,58.33,0.0,41.67,open_free_processed,ESA WorldCover 2021,,2026-06-22
OK-TX-1258,OK-TX-1258-S001,Kelowna / Okanagan,5.3,24.24,57.58,5.3,open_free_processed,ESA WorldCover 2021,,2026-06-22
OK-TX-252,OK-TX-252-S001,Kelowna / Okanagan,75.0,0.0,25.0,0.0,open_free_processed,ESA WorldCover 2021,,2026-06-22
OK-TX-87,OK-TX-87-S001,Kelowna / Okanagan,86.93,10.1,0.0,2.96,open_free_processed,ESA WorldCover 2021,,2026-06-22
OK-TX-1276,OK-TX-1276-S001,Kelowna / Okanagan,0.0,0.0,100.0,0.0,open_free_processed,ESA WorldCover 2021,,2026-06-22
OK-TX-1272,OK-TX-1272-S001,Kelowna / Okanagan,0.0,0.0,100.0,0.0,open_free_processed,ESA WorldCover 2021,,2026-06-22
OK-TX-1406,OK-TX-1406-S001,Kelowna / Okanagan,0.0,0.0,100.0,0.0,open_free_processed,ESA WorldCover 2021,,2026-06-22
OK-TX-1263,OK-TX-1263-S001,Kelowna / Okanagan,19.1,2.25,49.44,29.21,open_free_processed,ESA WorldCover 2021,,2026-06-22
OK-TX-1415,OK-TX-1415-S001,Kelowna / Okanagan,0.0,30.0,70.0,0.0,open_free_processed,ESA WorldCover 2021,,2026-06-22
OK-TX-1413,OK-TX-1413-S001,Kelowna / Okanagan,0.0,25.0,75.0,0.0,open_free_processed,ESA WorldCover 2021,,2026-06-22
OK-TX-1405,OK-TX-1405-S001,Kelowna / Okanagan,12.6,9.45,75.59,2.36,open_free_processed,ESA WorldCover 2021,,2026-06-22
OK-TX-1417,OK-TX-1417-S001,Kelowna / Okanagan,3.31,42.15,47.11,1.65,open_free_processed,ESA WorldCover 2021,,2026-06-22
OK-TX-1262,OK-TX-1262-S001,Kelowna / Okanagan,3.14,21.99,72.77,2.09,open_free_processed,ESA WorldCover 2021,,2026-06-22
OK-TX-1409,OK-TX-1409-S001,Kelowna / Okanagan,0.0,73.93,16.11,9.95,open_free_processed,ESA WorldCover 2021,,2026-06-22
OK-TX-428,OK-TX-428-S001,Kelowna / Okanagan,64.84,35.16,0.0,0.0,open_free_processed,ESA WorldCover 2021,,2026-06-22
OK-TX-82,OK-TX-82-S001,Kelowna / Okanagan,31.26,52.88,9.17,1.76,open_free_processed,ESA WorldCover 2021,,2026-06-22
OK-TX-82,OK-TX-82-S002,Kelowna / Okanagan,0.0,76.92,23.08,0.0,open_free_processed,ESA WorldCover 2021,,2026-06-22
OK-TX-1416,OK-TX-1416-S001,Kelowna / Okanagan,10.53,71.05,18.42,0.0,open_free_processed,ESA WorldCover 2021,,2026-06-22
OK-TX-684,OK-TX-684-S001,Kelowna / Okanagan,0.0,100.0,0.0,0.0,open_free_processed,ESA WorldCover 2021,,2026-06-22
OK-TX-1093,OK-TX-1093-S001,Kelowna / Okanagan,0.0,14.29,71.43,14.29,open_free_processed,ESA WorldCover 2021,,2026-06-22
OK-TX-938,OK-TX-938-S001,Kelowna / Okanagan,0.0,79.58,15.49,2.82,open_free_processed,ESA WorldCover 2021,,2026-06-22
OK-TX-86,OK-TX-86-S001,Kelowna / Okanagan,90.2,0.0,5.23,1.31,open_free_processed,ESA WorldCover 2021,,2026-06-22
OK-TX-358,OK-TX-358-S001,Kelowna / Okanagan,94.59,5.41,0.0,0.0,open_free_processed,ESA WorldCover 2021,,2026-06-22
OK-TX-699,OK-TX-699-S001,Kelowna / Okanagan,17.35,81.8,0.51,0.34,open_free_processed,ESA WorldCover 2021,,2026-06-22
OK-TX-952,OK-TX-952-S001,Kelowna / Okanagan,7.02,91.84,0.57,0.57,open_free_processed,ESA WorldCover 2021,,2026-06-22
OK-TX-576,OK-TX-576-S001,Kelowna / Okanagan,0.0,50.0,44.44,5.56,open_free_processed,ESA WorldCover 2021,,2026-06-22
OK-TX-350,OK-TX-350-S001,Kelowna / Okanagan,96.88,3.12,0.0,0.0,open_free_processed,ESA WorldCover 2021,,2026-06-22
OK-TX-289,OK-TX-289-S001,Kelowna / Okanagan,71.75,27.7,0.0,0.55,open_free_processed,ESA WorldCover 2021,,2026-06-22
OK-TX-1293,OK-TX-1293-S001,Kelowna / Okanagan,15.72,84.28,0.0,0.0,open_free_processed,ESA WorldCover 2021,,2026-06-22
OK-TX-1293,OK-TX-1293-S002,Kelowna / Okanagan,19.18,80.82,0.0,0.0,open_free_processed,ESA WorldCover 2021,,2026-06-22
OK-TX-1292,OK-TX-1292-S001,Kelowna / Okanagan,14.48,75.41,3.17,6.94,open_free_processed,ESA WorldCover 2021,,2026-06-22
OK-TX-1292,OK-TX-1292-S002,Kelowna / Okanagan,23.17,76.83,0.0,0.0,open_free_processed,ESA WorldCover 2021,,2026-06-22
OK-TX-1137,OK-TX-1137-S001,Kelowna / Okanagan,47.92,18.75,33.33,0.0,open_free_processed,ESA WorldCover 2021,,2026-06-22
OK-TX-1201,OK-TX-1201-S001,Kelowna / Okanagan,4.89,78.44,13.36,3.31,open_free_processed,ESA WorldCover 2021,,2026-06-22
OK-TX-740,OK-TX-740-S001,Kelowna / Okanagan,0.0,0.0,100.0,0.0,open_free_processed,ESA WorldCover 2021,,2026-06-22
OK-TX-752,OK-TX-752-S001,Kelowna / Okanagan,0.0,0.0,100.0,0.0,open_free_processed,ESA WorldCover 2021,,2026-06-22
OK-TX-1215,OK-TX-1215-S001,Kelowna / Okanagan,21.48,73.25,3.22,2.04,open_free_processed,ESA WorldCover 2021,,2026-06-22
OK-TX-1215,OK-TX-1215-S002,Kelowna / Okanagan,16.97,75.88,2.52,4.63,open_free_processed,ESA WorldCover 2021,,2026-06-22
OK-TX-781,OK-TX-781-S001,Kelowna / Okanagan,22.82,72.47,2.14,2.57,open_free_processed,ESA WorldCover 2021,,2026-06-22
OK-TX-739,OK-TX-739-S001,Kelowna / Okanagan,21.43,54.2,17.44,6.93,open_free_processed,ESA WorldCover 2021,,2026-06-22
OK-TX-738,OK-TX-738-S001,Kelowna / Okanagan,58.06,3.23,9.68,29.03,open_free_processed,ESA WorldCover 2021,,2026-06-22
OK-TX-736,OK-TX-736-S001,Kelowna / Okanagan,33.33,6.06,9.09,51.52,open_free_processed,ESA WorldCover 2021,,2026-06-22
OK-TX-703,OK-TX-703-S001,Kelowna / Okanagan,27.31,11.45,61.23,0.0,open_free_processed,ESA WorldCover 2021,,2026-06-22
OK-TX-1418,OK-TX-1418-S001,Kelowna / Okanagan,10.07,35.14,51.6,3.19,open_free_processed,ESA WorldCover 2021,,2026-06-22
OK-TX-1427,OK-TX-1427-S001,Kelowna / Okanagan,4.01,4.74,90.51,0.73,open_free_processed,ESA WorldCover 2021,,2026-06-22
OK-TX-1273,OK-TX-1273-S001,Kelowna / Okanagan,0.0,1.27,97.47,1.27,open_free_processed,ESA WorldCover 2021,,2026-06-22
OK-TX-1411,OK-TX-1411-S001,Kelowna / Okanagan,1.02,3.07,95.22,0.68,open_free_processed,ESA WorldCover 2021,,2026-06-22
OK-TX-1408,OK-TX-1408-S001,Kelowna / Okanagan,0.0,0.0,100.0,0.0,open_free_processed,ESA WorldCover 2021,,2026-06-22
OK-TX-1029,OK-TX-1029-S001,Kelowna / Okanagan,21.37,34.35,43.51,0.76,open_free_processed,ESA WorldCover 2021,,2026-06-22
OK-TX-1259,OK-TX-1259-S001,Kelowna / Okanagan,72.0,14.0,14.0,0.0,open_free_processed,ESA WorldCover 2021,,2026-06-22
OK-TX-1019,OK-TX-1019-S001,Kelowna / Okanagan,0.3,0.91,88.82,9.97,open_free_processed,ESA WorldCover 2021,,2026-06-22
OK-TX-1264,OK-TX-1264-S001,Kelowna / Okanagan,2.82,11.69,85.48,0.0,open_free_processed,ESA WorldCover 2021,,2026-06-22
OK-TX-1268,OK-TX-1268-S001,Kelowna / Okanagan,0.0,0.0,100.0,0.0,open_free_processed,ESA WorldCover 2021,,2026-06-22
OK-TX-1412,OK-TX-1412-S001,Kelowna / Okanagan,0.0,0.0,100.0,0.0,open_free_processed,ESA WorldCover 2021,,2026-06-22
OK-TX-1407,OK-TX-1407-S001,Kelowna / Okanagan,0.0,0.0,98.2,1.8,open_free_processed,ESA WorldCover 2021,,2026-06-22
OK-TX-1410,OK-TX-1410-S001,Kelowna / Okanagan,0.0,0.0,100.0,0.0,open_free_processed,ESA WorldCover 2021,,2026-06-22
OK-TX-1180,OK-TX-1180-S001,Kelowna / Okanagan,25.0,0.0,75.0,0.0,open_free_processed,ESA WorldCover 2021,,2026-06-22
OK-TX-1261,OK-TX-1261-S001,Kelowna / Okanagan,53.25,13.11,21.11,11.25,open_free_processed,ESA WorldCover 2021,,2026-06-22
OK-TX-1261,OK-TX-1261-S002,Kelowna / Okanagan,23.39,47.58,25.81,3.23,open_free_processed,ESA WorldCover 2021,,2026-06-22
OK-TX-1419,OK-TX-1419-S001,Kelowna / Okanagan,0.0,41.89,51.69,6.42,open_free_processed,ESA WorldCover 2021,,2026-06-22
OK-TX-1274,OK-TX-1274-S001,Kelowna / Okanagan,0.0,1.33,93.33,5.33,open_free_processed,ESA WorldCover 2021,,2026-06-22
OK-TX-954,OK-TX-954-S001,Kelowna / Okanagan,0.0,0.0,100.0,0.0,open_free_processed,ESA WorldCover 2021,,2026-06-22
OK-TX-331,OK-TX-331-S001,Kelowna / Okanagan,93.36,3.54,3.1,0.0,open_free_processed,ESA WorldCover 2021,,2026-06-22
OK-TX-862,OK-TX-862-S001,Kelowna / Okanagan,22.22,0.0,77.78,0.0,open_free_processed,ESA WorldCover 2021,,2026-06-22
OK-TX-1149,OK-TX-1149-S001,Kelowna / Okanagan,9.95,89.04,0.67,0.34,open_free_processed,ESA WorldCover 2021,,2026-06-22
OK-TX-893,OK-TX-893-S001,Kelowna / Okanagan,41.5,51.19,0.91,0.0,open_free_processed,ESA WorldCover 2021,,2026-06-22
OK-TX-1124,OK-TX-1124-S001,Kelowna / Okanagan,0.0,100.0,0.0,0.0,open_free_processed,ESA WorldCover 2021,,2026-06-22
OK-TX-700,OK-TX-700-S001,Kelowna / Okanagan,12.6,84.96,0.0,2.44,open_free_processed,ESA WorldCover 2021,,2026-06-22
OK-TX-1199,OK-TX-1199-S001,Kelowna / Okanagan,5.25,86.09,2.62,6.04,open_free_processed,ESA WorldCover 2021,,2026-06-22
OK-TX-1291,OK-TX-1291-S001,Kelowna / Okanagan,3.98,87.53,2.39,6.1,open_free_processed,ESA WorldCover 2021,,2026-06-22
OK-TX-894,OK-TX-894-S001,Kelowna / Okanagan,44.44,3.7,51.85,0.0,open_free_processed,ESA WorldCover 2021,,2026-06-22
OK-TX-937,OK-TX-937-S001,Kelowna / Okanagan,29.79,68.09,0.0,2.13,open_free_processed,ESA WorldCover 2021,,2026-06-22
OK-TX-892,OK-TX-892-S001,Kelowna / Okanagan,0.0,0.0,0.0,100.0,open_free_processed,ESA WorldCover 2021,,2026-06-22
OK-TX-1088,OK-TX-1088-S001,Kelowna / Okanagan,0.0,0.0,75.0,25.0,open_free_processed,ESA WorldCover 2021,,2026-06-22
OK-TX-884,OK-TX-884-S001,Kelowna / Okanagan,0.0,60.29,23.53,16.18,open_free_processed,ESA WorldCover 2021,,2026-06-22
OK-TX-579,OK-TX-579-S001,Kelowna / Okanagan,0.0,0.0,75.0,25.0,open_free_processed,ESA WorldCover 2021,,2026-06-22
OK-TX-1151,OK-TX-1151-S001,Kelowna / Okanagan,0.0,100.0,0.0,0.0,open_free_processed,ESA WorldCover 2021,,2026-06-22
OK-TX-1222,OK-TX-1222-S001,Kelowna / Okanagan,0.0,100.0,0.0,0.0,open_free_processed,ESA WorldCover 2021,,2026-06-22
OK-TX-924,OK-TX-924-S001,Kelowna / Okanagan,0.0,100.0,0.0,0.0,open_free_processed,ESA WorldCover 2021,,2026-06-22
OK-TX-944,OK-TX-944-S001,Kelowna / Okanagan,8.39,91.23,0.0,0.38,open_free_processed,ESA WorldCover 2021,,2026-06-22
OK-TX-944,OK-TX-944-S002,Kelowna / Okanagan,26.95,69.92,3.12,0.0,open_free_processed,ESA WorldCover 2021,,2026-06-22
OK-TX-902,OK-TX-902-S001,Kelowna / Okanagan,11.05,88.56,0.0,0.38,open_free_processed,ESA WorldCover 2021,,2026-06-22
OK-TX-902,OK-TX-902-S002,Kelowna / Okanagan,31.13,66.54,2.33,0.0,open_free_processed,ESA WorldCover 2021,,2026-06-22
OK-TX-1878,OK-TX-1878-S001,Kelowna / Okanagan,38.59,24.48,6.09,0.69,open_free_processed,ESA WorldCover 2021,,2026-06-22
OK-TX-1878,OK-TX-1878-S002,Kelowna / Okanagan,32.64,66.91,0.45,0.0,open_free_processed,ESA WorldCover 2021,,2026-06-22
OK-TX-1878,OK-TX-1878-S003,Kelowna / Okanagan,21.28,73.52,1.93,0.0,open_free_processed,ESA WorldCover 2021,,2026-06-22
OK-TX-1878,OK-TX-1878-S004,Kelowna / Okanagan,21.73,71.03,0.84,3.9,open_free_processed,ESA WorldCover 2021,,2026-06-22
OK-TX-2030,OK-TX-2030-S001,Kelowna / Okanagan,40.93,51.9,3.94,0.98,open_free_processed,ESA WorldCover 2021,,2026-06-22
OK-TX-2030,OK-TX-2030-S002,Kelowna / Okanagan,18.0,78.08,2.17,0.0,open_free_processed,ESA WorldCover 2021,,2026-06-22
OK-TX-2030,OK-TX-2030-S003,Kelowna / Okanagan,19.76,44.84,8.14,0.0,open_free_processed,ESA WorldCover 2021,,2026-06-22
OK-TX-2030,OK-TX-2030-S004,Kelowna / Okanagan,1.61,48.62,1.38,3.78,open_free_processed,ESA WorldCover 2021,,2026-06-22
OK-TX-2030,OK-TX-2030-S005,Kelowna / Okanagan,13.63,75.38,3.41,1.76,open_free_processed,ESA WorldCover 2021,,2026-06-22
OK-TX-2030,OK-TX-2030-S006,Kelowna / Okanagan,43.26,48.48,0.33,0.11,open_free_processed,ESA WorldCover 2021,,2026-06-22
OK-TX-2030,OK-TX-2030-S007,Kelowna / Okanagan,24.95,61.67,1.5,0.21,open_free_processed,ESA WorldCover 2021,,2026-06-22
OK-TX-2030,OK-TX-2030-S008,Kelowna / Okanagan,21.84,74.95,2.07,0.0,open_free_processed,ESA WorldCover 2021,,2026-06-22
OK-TX-2030,OK-TX-2030-S009,Kelowna / Okanagan,27.36,66.92,3.23,2.49,open_free_processed,ESA WorldCover 2021,,2026-06-22
OK-TX-2030,OK-TX-2030-S010,Kelowna / Okanagan,27.06,42.25,3.02,0.0,open_free_processed,ESA WorldCover 2021,,2026-06-22
OK-TX-2030,OK-TX-2030-S011,Kelowna / Okanagan,7.48,67.73,0.0,0.41,open_free_processed,ESA WorldCover 2021,,2026-06-22
OK-TX-2030,OK-TX-2030-S012,Kelowna / Okanagan,18.5,59.93,0.0,0.0,open_free_processed,ESA WorldCover 2021,,2026-06-22
OK-TX-2030,OK-TX-2030-S013,Kelowna / Okanagan,0.0,41.9,0.56,0.0,open_free_processed,ESA WorldCover 2021,,2026-06-22
OK-TX-1877,OK-TX-1877-S001,Kelowna / Okanagan,0.0,0.0,100.0,0.0,open_free_processed,ESA WorldCover 2021,,2026-06-22
OK-TX-3311,OK-TX-3311-S001,Kelowna / Okanagan,46.38,39.75,12.62,1.12,open_free_processed,ESA WorldCover 2021,,2026-06-22
OK-TX-3311,OK-TX-3311-S002,Kelowna / Okanagan,44.2,46.06,9.05,0.0,open_free_processed,ESA WorldCover 2021,,2026-06-22
OK-TX-3311,OK-TX-3311-S003,Kelowna / Okanagan,50.36,32.6,1.58,8.64,open_free_processed,ESA WorldCover 2021,,2026-06-22
OK-TX-3311,OK-TX-3311-S004,Kelowna / Okanagan,59.1,14.56,3.29,0.52,open_free_processed,ESA WorldCover 2021,,2026-06-22
OK-TX-3311,OK-TX-3311-S005,Kelowna / Okanagan,74.12,21.09,4.15,0.0,open_free_processed,ESA WorldCover 2021,,2026-06-22
OK-TX-3311,OK-TX-3311-S006,Kelowna / Okanagan,40.2,31.51,1.68,0.14,open_free_processed,ESA WorldCover 2021,,2026-06-22
OK-TX-3311,OK-TX-3311-S007,Kelowna / Okanagan,5.08,27.34,26.17,0.0,open_free_processed,ESA WorldCover 2021,,2026-06-22
OK-TX-3311,OK-TX-3311-S008,Kelowna / Okanagan,23.27,32.29,27.06,9.47,open_free_processed,ESA WorldCover 2021,,2026-06-22
OK-TX-3311,OK-TX-3311-S009,Kelowna / Okanagan,6.06,66.67,6.06,12.12,open_free_processed,ESA WorldCover 2021,,2026-06-22
OK-TX-2587,OK-TX-2587-S001,Kelowna / Okanagan,58.59,38.37,3.04,0.0,open_free_processed,ESA WorldCover 2021,,2026-06-22
OK-TX-2587,OK-TX-2587-S002,Kelowna / Okanagan,54.51,29.35,0.42,0.0,open_free_processed,ESA WorldCover 2021,,2026-06-22
OK-TX-2587,OK-TX-2587-S003,Kelowna / Okanagan,45.21,19.59,1.33,0.0,open_free_processed,ESA WorldCover 2021,,2026-06-22
OK-TX-2587,OK-TX-2587-S004,Kelowna / Okanagan,38.0,61.89,0.11,0.0,open_free_processed,ESA WorldCover 2021,,2026-06-22
OK-TX-2587,OK-TX-2587-S005,Kelowna / Okanagan,25.03,68.19,0.22,0.0,open_free_processed,ESA WorldCover 2021,,2026-06-22
OK-TX-2587,OK-TX-2587-S006,Kelowna / Okanagan,28.34,67.84,0.21,0.0,open_free_processed,ESA WorldCover 2021,,2026-06-22
OK-TX-2587,OK-TX-2587-S007,Kelowna / Okanagan,41.6,58.0,0.3,0.0,open_free_processed,ESA WorldCover 2021,,2026-06-22
OK-TX-2587,OK-TX-2587-S008,Kelowna / Okanagan,34.03,65.97,0.0,0.0,open_free_processed,ESA WorldCover 2021,,2026-06-22
OK-TX-2587,OK-TX-2587-S009,Kelowna / Okanagan,66.87,30.83,1.46,0.85,open_free_processed,ESA WorldCover 2021,,2026-06-22
OK-TX-2587,OK-TX-2587-S010,Kelowna / Okanagan,60.74,39.26,0.0,0.0,open_free_processed,ESA WorldCover 2021,,2026-06-22
OK-TX-2587,OK-TX-2587-S011,Kelowna / Okanagan,46.28,53.72,0.0,0.0,open_free_processed,ESA WorldCover 2021,,2026-06-22
OK-TX-2587,OK-TX-2587-S012,Kelowna / Okanagan,15.46,84.54,0.0,0.0,open_free_processed,ESA WorldCover 2021,,2026-06-22
OK-TX-2587,OK-TX-2587-S013,Kelowna / Okanagan,32.4,67.6,0.0,0.0,open_free_processed,ESA WorldCover 2021,,2026-06-22
OK-TX-2587,OK-TX-2587-S014,Kelowna / Okanagan,30.05,69.95,0.0,0.0,open_free_processed,ESA WorldCover 2021,,2026-06-22
OK-TX-2587,OK-TX-2587-S015,Kelowna / Okanagan,60.51,39.49,0.0,0.0,open_free_processed,ESA WorldCover 2021,,2026-06-22
OK-TX-2587,OK-TX-2587-S016,Kelowna / Okanagan,52.88,46.07,0.0,1.05,open_free_processed,ESA WorldCover 2021,,2026-06-22
OK-TX-2587,OK-TX-2587-S017,Kelowna / Okanagan,0.0,100.0,0.0,0.0,open_free_processed,ESA WorldCover 2021,,2026-06-22
OK-TX-2587,OK-TX-2587-S018,Kelowna / Okanagan,,,,,stub_zero_pixels,ESA WorldCover 2021,Zero classified pixels under AOI,2026-06-22
OK-TX-2587,OK-TX-2587-S019,Kelowna / Okanagan,,,,,stub_zero_pixels,ESA WorldCover 2021,Zero classified pixels under AOI,2026-06-22
OK-TX-2587,OK-TX-2587-S020,Kelowna / Okanagan,,,,,stub_zero_pixels,ESA WorldCover 2021,Zero classified pixels under AOI,2026-06-22
OK-TX-2587,OK-TX-2587-S021,Kelowna / Okanagan,,,,,stub_zero_pixels,ESA WorldCover 2021,Zero classified pixels under AOI,2026-06-22
OK-TX-2587,OK-TX-2587-S022,Kelowna / Okanagan,,,,,stub_zero_pixels,ESA WorldCover 2021,Zero classified pixels under AOI,2026-06-22
OK-TX-2587,OK-TX-2587-S023,Kelowna / Okanagan,,,,,stub_zero_pixels,ESA WorldCover 2021,Zero classified pixels under AOI,2026-06-22
OK-TX-2587,OK-TX-2587-S024,Kelowna / Okanagan,,,,,stub_zero_pixels,ESA WorldCover 2021,Zero classified pixels under AOI,2026-06-22
OK-TX-3574,OK-TX-3574-S001,Kelowna / Okanagan,53.28,43.34,3.38,0.0,open_free_processed,ESA WorldCover 2021,,2026-06-22
OK-TX-3574,OK-TX-3574-S002,Kelowna / Okanagan,46.86,38.89,0.0,0.0,open_free_processed,ESA WorldCover 2021,,2026-06-22
OK-TX-3574,OK-TX-3574-S003,Kelowna / Okanagan,33.83,19.5,2.07,0.15,open_free_processed,ESA WorldCover 2021,,2026-06-22
OK-TX-3574,OK-TX-3574-S004,Kelowna / Okanagan,30.07,69.61,0.32,0.0,open_free_processed,ESA WorldCover 2021,,2026-06-22
OK-TX-3574,OK-TX-3574-S005,Kelowna / Okanagan,55.39,38.49,0.22,0.0,open_free_processed,ESA WorldCover 2021,,2026-06-22
OK-TX-3574,OK-TX-3574-S006,Kelowna / Okanagan,27.09,71.35,0.21,0.0,open_free_processed,ESA WorldCover 2021,,2026-06-22
OK-TX-3574,OK-TX-3574-S007,Kelowna / Okanagan,51.4,47.8,0.3,0.0,open_free_processed,ESA WorldCover 2021,,2026-06-22
OK-TX-3574,OK-TX-3574-S008,Kelowna / Okanagan,11.29,88.71,0.0,0.0,open_free_processed,ESA WorldCover 2021,,2026-06-22
OK-TX-3574,OK-TX-3574-S009,Kelowna / Okanagan,73.45,25.45,0.85,0.0,open_free_processed,ESA WorldCover 2021,,2026-06-22
OK-TX-3574,OK-TX-3574-S010,Kelowna / Okanagan,47.7,52.3,0.0,0.0,open_free_processed,ESA WorldCover 2021,,2026-06-22
OK-TX-3574,OK-TX-3574-S011,Kelowna / Okanagan,56.0,44.0,0.0,0.0,open_free_processed,ESA WorldCover 2021,,2026-06-22
OK-TX-3574,OK-TX-3574-S012,Kelowna / Okanagan,12.14,87.86,0.0,0.0,open_free_processed,ESA WorldCover 2021,,2026-06-22
OK-TX-3574,OK-TX-3574-S013,Kelowna / Okanagan,21.61,78.39,0.0,0.0,open_free_processed,ESA WorldCover 2021,,2026-06-22
OK-TX-3574,OK-TX-3574-S014,Kelowna / Okanagan,6.66,93.34,0.0,0.0,open_free_processed,ESA WorldCover 2021,,2026-06-22
OK-TX-3574,OK-TX-3574-S015,Kelowna / Okanagan,40.47,59.53,0.0,0.0,open_free_processed,ESA WorldCover 2021,,2026-06-22
OK-TX-3574,OK-TX-3574-S016,Kelowna / Okanagan,61.84,38.16,0.0,0.0,open_free_processed,ESA WorldCover 2021,,2026-06-22
OK-TX-3574,OK-TX-3574-S017,Kelowna / Okanagan,2.43,97.57,0.0,0.0,open_free_processed,ESA WorldCover 2021,,2026-06-22
OK-TX-3574,OK-TX-3574-S018,Kelowna / Okanagan,,,,,stub_zero_pixels,ESA WorldCover 2021,Zero classified pixels under AOI,2026-06-22
OK-TX-3574,OK-TX-3574-S019,Kelowna / Okanagan,,,,,stub_zero_pixels,ESA WorldCover 2021,Zero classified pixels under AOI,2026-06-22
OK-TX-3574,OK-TX-3574-S020,Kelowna / Okanagan,,,,,stub_zero_pixels,ESA WorldCover 2021,Zero classified pixels under AOI,2026-06-22
OK-TX-3574,OK-TX-3574-S021,Kelowna / Okanagan,,,,,stub_zero_pixels,ESA WorldCover 2021,Zero classified pixels under AOI,2026-06-22
OK-TX-3574,OK-TX-3574-S022,Kelowna / Okanagan,,,,,stub_zero_pixels,ESA WorldCover 2021,Zero classified pixels under AOI,2026-06-22
OK-TX-3574,OK-TX-3574-S023,Kelowna / Okanagan,,,,,stub_zero_pixels,ESA WorldCover 2021,Zero classified pixels under AOI,2026-06-22
OK-TX-3574,OK-TX-3574-S024,Kelowna / Okanagan,,,,,stub_zero_pixels,ESA WorldCover 2021,Zero classified pixels under AOI,2026-06-22
OK-TX-2173,OK-TX-2173-S001,Kelowna / Okanagan,27.79,61.53,8.09,0.31,open_free_processed,ESA WorldCover 2021,,2026-06-22
OK-TX-2173,OK-TX-2173-S002,Kelowna / Okanagan,27.37,55.47,13.17,3.85,open_free_processed,ESA WorldCover 2021,,2026-06-22
OK-TX-2173,OK-TX-2173-S003,Kelowna / Okanagan,38.54,44.92,1.04,0.0,open_free_processed,ESA WorldCover 2021,,2026-06-22
OK-TX-2173,OK-TX-2173-S004,Kelowna / Okanagan,4.21,29.61,0.68,4.44,open_free_processed,ESA WorldCover 2021,,2026-06-22
OK-TX-2173,OK-TX-2173-S005,Kelowna / Okanagan,20.99,64.98,0.9,2.36,open_free_processed,ESA WorldCover 2021,,2026-06-22
OK-TX-2173,OK-TX-2173-S006,Kelowna / Okanagan,18.36,63.72,5.79,0.33,open_free_processed,ESA WorldCover 2021,,2026-06-22
OK-TX-2173,OK-TX-2173-S007,Kelowna / Okanagan,42.49,37.84,0.63,0.0,open_free_processed,ESA WorldCover 2021,,2026-06-22
OK-TX-2173,OK-TX-2173-S008,Kelowna / Okanagan,40.22,58.21,1.56,0.0,open_free_processed,ESA WorldCover 2021,,2026-06-22
OK-TX-2173,OK-TX-2173-S009,Kelowna / Okanagan,11.76,80.18,1.79,0.13,open_free_processed,ESA WorldCover 2021,,2026-06-22
OK-TX-2173,OK-TX-2173-S010,Kelowna / Okanagan,45.9,46.22,5.75,1.92,open_free_processed,ESA WorldCover 2021,,2026-06-22
OK-TX-2173,OK-TX-2173-S011,Kelowna / Okanagan,19.38,80.62,0.0,0.0,open_free_processed,ESA WorldCover 2021,,2026-06-22
OK-TX-2173,OK-TX-2173-S012,Kelowna / Okanagan,1.31,86.24,0.87,0.0,open_free_processed,ESA WorldCover 2021,,2026-06-22
OK-TX-2173,OK-TX-2173-S013,Kelowna / Okanagan,36.44,59.48,0.52,1.57,open_free_processed,ESA WorldCover 2021,,2026-06-22
OK-TX-2173,OK-TX-2173-S014,Kelowna / Okanagan,72.85,23.18,0.21,3.54,open_free_processed,ESA WorldCover 2021,,2026-06-22
OK-TX-2173,OK-TX-2173-S015,Kelowna / Okanagan,47.33,52.67,0.0,0.0,open_free_processed,ESA WorldCover 2021,,2026-06-22
OK-TX-2173,OK-TX-2173-S016,Kelowna / Okanagan,33.23,63.75,0.3,1.21,open_free_processed,ESA WorldCover 2021,,2026-06-22
OK-TX-2173,OK-TX-2173-S017,Kelowna / Okanagan,64.93,30.9,4.07,0.1,open_free_processed,ESA WorldCover 2021,,2026-06-22
OK-TX-2173,OK-TX-2173-S018,Kelowna / Okanagan,35.28,54.99,7.91,1.82,open_free_processed,ESA WorldCover 2021,,2026-06-22
OK-TX-2173,OK-TX-2173-S019,Kelowna / Okanagan,,,,,stub_zero_pixels,ESA WorldCover 2021,Zero classified pixels under AOI,2026-06-22
OK-TX-2173,OK-TX-2173-S020,Kelowna / Okanagan,,,,,stub_zero_pixels,ESA WorldCover 2021,Zero classified pixels under AOI,2026-06-22
OK-TX-2173,OK-TX-2173-S021,Kelowna / Okanagan,,,,,stub_zero_pixels,ESA WorldCover 2021,Zero classified pixels under AOI,2026-06-22
OK-TX-2173,OK-TX-2173-S022,Kelowna / Okanagan,,,,,stub_zero_pixels,ESA WorldCover 2021,Zero classified pixels under AOI,2026-06-22
OK-TX-2173,OK-TX-2173-S023,Kelowna / Okanagan,,,,,stub_zero_pixels,ESA WorldCover 2021,Zero classified pixels under AOI,2026-06-22
OK-TX-3640,OK-TX-3640-S001,Kelowna / Okanagan,52.15,29.55,1.02,4.91,open_free_processed,ESA WorldCover 2021,,2026-06-22
OK-TX-3640,OK-TX-3640-S002,Kelowna / Okanagan,62.89,34.88,0.93,1.3,open_free_processed,ESA WorldCover 2021,,2026-06-22
OK-TX-3639,OK-TX-3639-S001,Kelowna / Okanagan,0.0,0.0,100.0,0.0,open_free_processed,ESA WorldCover 2021,,2026-06-22
OK-TX-1686,OK-TX-1686-S001,Kelowna / Okanagan,49.84,48.26,1.89,0.0,open_free_processed,ESA WorldCover 2021,,2026-06-22
OK-TX-1686,OK-TX-1686-S002,Kelowna / Okanagan,31.97,56.05,0.11,0.0,open_free_processed,ESA WorldCover 2021,,2026-06-22
OK-TX-1686,OK-TX-1686-S003,Kelowna / Okanagan,30.68,31.33,0.78,0.0,open_free_processed,ESA WorldCover 2021,,2026-06-22
OK-TX-1686,OK-TX-1686-S004,Kelowna / Okanagan,28.53,71.47,0.0,0.0,open_free_processed,ESA WorldCover 2021,,2026-06-22
OK-TX-1686,OK-TX-1686-S005,Kelowna / Okanagan,18.41,81.59,0.0,0.0,open_free_processed,ESA WorldCover 2021,,2026-06-22
OK-TX-1686,OK-TX-1686-S006,Kelowna / Okanagan,22.76,54.87,0.79,0.0,open_free_processed,ESA WorldCover 2021,,2026-06-22
OK-TX-1686,OK-TX-1686-S007,Kelowna / Okanagan,32.47,67.53,0.0,0.0,open_free_processed,ESA WorldCover 2021,,2026-06-22
OK-TX-1686,OK-TX-1686-S008,Kelowna / Okanagan,68.61,28.7,0.0,0.0,open_free_processed,ESA WorldCover 2021,,2026-06-22
OK-TX-1116,OK-TX-1116-S001,Kelowna / Okanagan,59.11,40.79,0.1,0.0,open_free_processed,ESA WorldCover 2021,,2026-06-22
OK-TX-1116,OK-TX-1116-S002,Kelowna / Okanagan,45.83,53.43,0.74,0.0,open_free_processed,ESA WorldCover 2021,,2026-06-22
OK-TX-1435,OK-TX-1435-S001,Kelowna / Okanagan,68.63,31.06,0.31,0.0,open_free_processed,ESA WorldCover 2021,,2026-06-22
OK-TX-1435,OK-TX-1435-S002,Kelowna / Okanagan,47.48,52.04,0.48,0.0,open_free_processed,ESA WorldCover 2021,,2026-06-22
OK-TX-1211,OK-TX-1211-S001,Kelowna / Okanagan,3.53,65.98,4.77,0.0,open_free_processed,ESA WorldCover 2021,,2026-06-22
OK-TX-1181,OK-TX-1181-S001,Kelowna / Okanagan,36.54,56.81,5.98,0.66,open_free_processed,ESA WorldCover 2021,,2026-06-22
OK-TX-754,OK-TX-754-S001,Kelowna / Okanagan,10.74,78.15,3.33,0.19,open_free_processed,ESA WorldCover 2021,,2026-06-22
OK-TX-1118,OK-TX-1118-S001,Kelowna / Okanagan,15.04,84.96,0.0,0.0,open_free_processed,ESA WorldCover 2021,,2026-06-22
OK-TX-1119,OK-TX-1119-S001,Kelowna / Okanagan,21.48,14.77,6.71,0.0,open_free_processed,ESA WorldCover 2021,,2026-06-22
OK-TX-2911,OK-TX-2911-S001,Kelowna / Okanagan,25.0,56.25,18.75,0.0,open_free_processed,ESA WorldCover 2021,,2026-06-22
OK-TX-1898,OK-TX-1898-S001,Kelowna / Okanagan,0.0,73.33,13.33,13.33,open_free_processed,ESA WorldCover 2021,,2026-06-22
OK-TX-2596,OK-TX-2596-S001,Kelowna / Okanagan,18.66,56.83,3.04,0.0,open_free_processed,ESA WorldCover 2021,,2026-06-22
OK-TX-2596,OK-TX-2596-S002,Kelowna / Okanagan,18.6,79.31,1.99,0.1,open_free_processed,ESA WorldCover 2021,,2026-06-22
OK-TX-2596,OK-TX-2596-S003,Kelowna / Okanagan,31.58,53.68,14.74,0.0,open_free_processed,ESA WorldCover 2021,,2026-06-22
OK-TX-1693,OK-TX-1693-S001,Kelowna / Okanagan,6.77,39.96,0.64,0.32,open_free_processed,ESA WorldCover 2021,,2026-06-22
OK-TX-1693,OK-TX-1693-S002,Kelowna / Okanagan,22.59,46.25,3.32,0.0,open_free_processed,ESA WorldCover 2021,,2026-06-22
OK-TX-1693,OK-TX-1693-S003,Kelowna / Okanagan,15.93,80.19,1.61,0.0,open_free_processed,ESA WorldCover 2021,,2026-06-22
OK-TX-1693,OK-TX-1693-S004,Kelowna / Okanagan,4.63,92.17,3.2,0.0,open_free_processed,ESA WorldCover 2021,,2026-06-22
OK-TX-1206,OK-TX-1206-S001,Kelowna / Okanagan,10.81,37.84,48.65,2.7,open_free_processed,ESA WorldCover 2021,,2026-06-22
OK-TX-3215,OK-TX-3215-S001,Kelowna / Okanagan,50.63,25.32,21.52,2.53,open_free_processed,ESA WorldCover 2021,,2026-06-22
OK-TX-3216,OK-TX-3216-S001,Kelowna / Okanagan,56.76,37.84,5.41,0.0,open_free_processed,ESA WorldCover 2021,,2026-06-22
OK-TX-2155,OK-TX-2155-S001,Kelowna / Okanagan,21.09,78.91,0.0,0.0,open_free_processed,ESA WorldCover 2021,,2026-06-22
OK-TX-2798,OK-TX-2798-S001,Kelowna / Okanagan,24.5,62.1,0.86,0.43,open_free_processed,ESA WorldCover 2021,,2026-06-22
OK-TX-2798,OK-TX-2798-S002,Kelowna / Okanagan,10.35,71.72,0.0,0.0,open_free_processed,ESA WorldCover 2021,,2026-06-22
OK-TX-2798,OK-TX-2798-S003,Kelowna / Okanagan,32.89,67.11,0.0,0.0,open_free_processed,ESA WorldCover 2021,,2026-06-22
OK-TX-2798,OK-TX-2798-S004,Kelowna / Okanagan,28.38,71.62,0.0,0.0,open_free_processed,ESA WorldCover 2021,,2026-06-22
OK-TX-2798,OK-TX-2798-S005,Kelowna / Okanagan,49.31,50.69,0.0,0.0,open_free_processed,ESA WorldCover 2021,,2026-06-22
OK-TX-2798,OK-TX-2798-S006,Kelowna / Okanagan,11.47,88.53,0.0,0.0,open_free_processed,ESA WorldCover 2021,,2026-06-22
OK-TX-2798,OK-TX-2798-S007,Kelowna / Okanagan,13.05,86.95,0.0,0.0,open_free_processed,ESA WorldCover 2021,,2026-06-22
OK-TX-2798,OK-TX-2798-S008,Kelowna / Okanagan,26.24,73.35,0.0,0.41,open_free_processed,ESA WorldCover 2021,,2026-06-22
OK-TX-2798,OK-TX-2798-S009,Kelowna / Okanagan,19.81,80.09,0.0,0.11,open_free_processed,ESA WorldCover 2021,,2026-06-22
OK-TX-2798,OK-TX-2798-S010,Kelowna / Okanagan,54.81,45.19,0.0,0.0,open_free_processed,ESA WorldCover 2021,,2026-06-22
OK-TX-1840,OK-TX-1840-S001,Kelowna / Okanagan,19.23,67.14,0.72,0.29,open_free_processed,ESA WorldCover 2021,,2026-06-22
OK-TX-1840,OK-TX-1840-S002,Kelowna / Okanagan,7.92,73.11,0.0,0.0,open_free_processed,ESA WorldCover 2021,,2026-06-22
OK-TX-1840,OK-TX-1840-S003,Kelowna / Okanagan,29.75,70.25,0.0,0.0,open_free_processed,ESA WorldCover 2021,,2026-06-22
OK-TX-1840,OK-TX-1840-S004,Kelowna / Okanagan,23.19,76.81,0.0,0.0,open_free_processed,ESA WorldCover 2021,,2026-06-22
OK-TX-1840,OK-TX-1840-S005,Kelowna / Okanagan,59.22,40.78,0.0,0.0,open_free_processed,ESA WorldCover 2021,,2026-06-22
OK-TX-1840,OK-TX-1840-S006,Kelowna / Okanagan,18.16,81.84,0.0,0.0,open_free_processed,ESA WorldCover 2021,,2026-06-22
OK-TX-1840,OK-TX-1840-S007,Kelowna / Okanagan,5.43,94.57,0.0,0.0,open_free_processed,ESA WorldCover 2021,,2026-06-22
OK-TX-1840,OK-TX-1840-S008,Kelowna / Okanagan,25.39,74.1,0.0,0.52,open_free_processed,ESA WorldCover 2021,,2026-06-22
OK-TX-1840,OK-TX-1840-S009,Kelowna / Okanagan,27.56,72.44,0.0,0.0,open_free_processed,ESA WorldCover 2021,,2026-06-22
OK-TX-1840,OK-TX-1840-S010,Kelowna / Okanagan,40.99,59.01,0.0,0.0,open_free_processed,ESA WorldCover 2021,,2026-06-22
OK-TX-2595,OK-TX-2595-S001,Kelowna / Okanagan,24.32,54.05,18.92,0.0,open_free_processed,ESA WorldCover 2021,,2026-06-22
OK-TX-2229,OK-TX-2229-S001,Kelowna / Okanagan,7.92,37.26,0.75,0.43,open_free_processed,ESA WorldCover 2021,,2026-06-22
OK-TX-2229,OK-TX-2229-S002,Kelowna / Okanagan,16.39,36.07,3.28,0.0,open_free_processed,ESA WorldCover 2021,,2026-06-22
OK-TX-99,OK-TX-99-S001,Kelowna / Okanagan,44.52,36.3,17.24,1.71,open_free_processed,ESA WorldCover 2021,,2026-06-22
OK-TX-99,OK-TX-99-S002,Kelowna / Okanagan,8.9,32.44,1.76,0.0,open_free_processed,ESA WorldCover 2021,,2026-06-22
OK-TX-99,OK-TX-99-S003,Kelowna / Okanagan,29.99,64.82,1.27,0.0,open_free_processed,ESA WorldCover 2021,,2026-06-22
OK-TX-99,OK-TX-99-S004,Kelowna / Okanagan,48.11,49.42,2.47,0.0,open_free_processed,ESA WorldCover 2021,,2026-06-22
OK-TX-1692,OK-TX-1692-S001,Kelowna / Okanagan,0.0,83.33,16.67,0.0,open_free_processed,ESA WorldCover 2021,,2026-06-22
OK-TX-2645,OK-TX-2645-S001,Kelowna / Okanagan,52.18,47.11,0.71,0.0,open_free_processed,ESA WorldCover 2021,,2026-06-22
OK-TX-2645,OK-TX-2645-S002,Kelowna / Okanagan,37.94,57.94,3.09,1.03,open_free_processed,ESA WorldCover 2021,,2026-06-22
OK-TX-2645,OK-TX-2645-S003,Kelowna / Okanagan,45.4,53.39,1.21,0.0,open_free_processed,ESA WorldCover 2021,,2026-06-22
OK-TX-2645,OK-TX-2645-S004,Kelowna / Okanagan,57.39,36.96,1.52,0.22,open_free_processed,ESA WorldCover 2021,,2026-06-22
OK-TX-2645,OK-TX-2645-S005,Kelowna / Okanagan,65.8,32.58,1.52,0.11,open_free_processed,ESA WorldCover 2021,,2026-06-22
OK-TX-2645,OK-TX-2645-S006,Kelowna / Okanagan,68.81,31.19,0.0,0.0,open_free_processed,ESA WorldCover 2021,,2026-06-22
OK-TX-2645,OK-TX-2645-S007,Kelowna / Okanagan,34.63,64.48,0.56,0.0,open_free_processed,ESA WorldCover 2021,,2026-06-22
OK-TX-2645,OK-TX-2645-S008,Kelowna / Okanagan,72.74,25.38,1.69,0.19,open_free_processed,ESA WorldCover 2021,,2026-06-22
OK-TX-2645,OK-TX-2645-S009,Kelowna / Okanagan,78.92,18.11,2.97,0.0,open_free_processed,ESA WorldCover 2021,,2026-06-22
OK-TX-2645,OK-TX-2645-S010,Kelowna / Okanagan,76.16,23.3,0.54,0.0,open_free_processed,ESA WorldCover 2021,,2026-06-22
OK-TX-2645,OK-TX-2645-S011,Kelowna / Okanagan,29.17,70.09,0.73,0.0,open_free_processed,ESA WorldCover 2021,,2026-06-22
OK-TX-2645,OK-TX-2645-S012,Kelowna / Okanagan,41.47,37.07,2.31,0.11,open_free_processed,ESA WorldCover 2021,,2026-06-22
OK-TX-2645,OK-TX-2645-S013,Kelowna / Okanagan,44.78,47.47,4.09,0.75,open_free_processed,ESA WorldCover 2021,,2026-06-22
OK-TX-2645,OK-TX-2645-S014,Kelowna / Okanagan,82.3,12.33,0.24,0.73,open_free_processed,ESA WorldCover 2021,,2026-06-22
OK-TX-2645,OK-TX-2645-S015,Kelowna / Okanagan,34.69,48.03,3.52,0.0,open_free_processed,ESA WorldCover 2021,,2026-06-22
OK-TX-2645,OK-TX-2645-S016,Kelowna / Okanagan,25.73,45.53,1.9,0.0,open_free_processed,ESA WorldCover 2021,,2026-06-22
OK-TX-2645,OK-TX-2645-S017,Kelowna / Okanagan,18.5,17.35,0.84,0.0,open_free_processed,ESA WorldCover 2021,,2026-06-22
OK-TX-2645,OK-TX-2645-S018,Kelowna / Okanagan,3.5,33.57,0.0,0.0,open_free_processed,ESA WorldCover 2021,,2026-06-22
OK-TX-1689,OK-TX-1689-S001,Kelowna / Okanagan,73.68,24.79,1.06,0.0,open_free_processed,ESA WorldCover 2021,,2026-06-22
OK-TX-1689,OK-TX-1689-S002,Kelowna / Okanagan,37.57,60.48,1.15,0.8,open_free_processed,ESA WorldCover 2021,,2026-06-22
OK-TX-1689,OK-TX-1689-S003,Kelowna / Okanagan,25.99,71.79,1.82,0.4,open_free_processed,ESA WorldCover 2021,,2026-06-22
OK-TX-1689,OK-TX-1689-S004,Kelowna / Okanagan,47.45,48.65,1.3,0.11,open_free_processed,ESA WorldCover 2021,,2026-06-22
OK-TX-1689,OK-TX-1689-S005,Kelowna / Okanagan,76.68,21.26,1.41,0.54,open_free_processed,ESA WorldCover 2021,,2026-06-22
OK-TX-1689,OK-TX-1689-S006,Kelowna / Okanagan,75.36,24.2,0.44,0.0,open_free_processed,ESA WorldCover 2021,,2026-06-22
OK-TX-1689,OK-TX-1689-S007,Kelowna / Okanagan,31.29,68.04,0.33,0.0,open_free_processed,ESA WorldCover 2021,,2026-06-22
OK-TX-1689,OK-TX-1689-S008,Kelowna / Okanagan,75.95,21.78,1.7,0.57,open_free_processed,ESA WorldCover 2021,,2026-06-22
OK-TX-1689,OK-TX-1689-S009,Kelowna / Okanagan,80.22,16.8,2.85,0.14,open_free_processed,ESA WorldCover 2021,,2026-06-22
OK-TX-1689,OK-TX-1689-S010,Kelowna / Okanagan,74.33,25.46,0.22,0.0,open_free_processed,ESA WorldCover 2021,,2026-06-22
OK-TX-1689,OK-TX-1689-S011,Kelowna / Okanagan,39.24,60.02,0.73,0.0,open_free_processed,ESA WorldCover 2021,,2026-06-22
OK-TX-1689,OK-TX-1689-S012,Kelowna / Okanagan,43.53,35.64,3.4,0.22,open_free_processed,ESA WorldCover 2021,,2026-06-22
OK-TX-1689,OK-TX-1689-S013,Kelowna / Okanagan,45.81,46.13,4.3,1.51,open_free_processed,ESA WorldCover 2021,,2026-06-22
OK-TX-1689,OK-TX-1689-S014,Kelowna / Okanagan,81.39,11.44,0.36,0.24,open_free_processed,ESA WorldCover 2021,,2026-06-22
OK-TX-1689,OK-TX-1689-S015,Kelowna / Okanagan,28.94,53.19,5.11,0.11,open_free_processed,ESA WorldCover 2021,,2026-06-22
OK-TX-1689,OK-TX-1689-S016,Kelowna / Okanagan,26.94,45.79,1.57,0.22,open_free_processed,ESA WorldCover 2021,,2026-06-22
OK-TX-1689,OK-TX-1689-S017,Kelowna / Okanagan,17.41,18.67,0.63,0.0,open_free_processed,ESA WorldCover 2021,,2026-06-22
OK-TX-1689,OK-TX-1689-S018,Kelowna / Okanagan,8.28,40.0,0.0,0.0,open_free_processed,ESA WorldCover 2021,,2026-06-22
OK-TX-2228,OK-TX-2228-S001,Kelowna / Okanagan,0.0,100.0,0.0,0.0,open_free_processed,ESA WorldCover 2021,,2026-06-22
OK-TX-218,OK-TX-218-S001,Kelowna / Okanagan,100.0,0.0,0.0,0.0,open_free_processed,ESA WorldCover 2021,,2026-06-22
OK-TX-1915,OK-TX-1915-S001,Kelowna / Okanagan,,,,,stub_zero_pixels,ESA WorldCover 2021,Zero classified pixels under AOI,2026-06-22
OK-TX-291,OK-TX-291-S001,Kelowna / Okanagan,89.74,0.0,10.26,0.0,open_free_processed,ESA WorldCover 2021,,2026-06-22
OK-TX-423,OK-TX-423-S001,Kelowna / Okanagan,98.86,0.0,1.14,0.0,open_free_processed,ESA WorldCover 2021,,2026-06-22
OK-TX-229,OK-TX-229-S001,Kelowna / Okanagan,100.0,0.0,0.0,0.0,open_free_processed,ESA WorldCover 2021,,2026-06-22
OK-TX-429,OK-TX-429-S001,Kelowna / Okanagan,100.0,0.0,0.0,0.0,open_free_processed,ESA WorldCover 2021,,2026-06-22
OK-TX-85,OK-TX-85-S001,Kelowna / Okanagan,91.76,8.24,0.0,0.0,open_free_processed,ESA WorldCover 2021,,2026-06-22
OK-TX-393,OK-TX-393-S001,Kelowna / Okanagan,64.71,35.29,0.0,0.0,open_free_processed,ESA WorldCover 2021,,2026-06-22
OK-TX-1397,OK-TX-1397-S001,Kelowna / Okanagan,12.39,6.19,64.6,16.81,open_free_processed,ESA WorldCover 2021,,2026-06-22
OK-TX-1430,OK-TX-1430-S001,Kelowna / Okanagan,13.77,23.9,60.42,1.91,open_free_processed,ESA WorldCover 2021,,2026-06-22
OK-TX-1429,OK-TX-1429-S001,Kelowna / Okanagan,0.0,0.0,100.0,0.0,open_free_processed,ESA WorldCover 2021,,2026-06-22
OK-TX-1428,OK-TX-1428-S001,Kelowna / Okanagan,0.0,0.0,100.0,0.0,open_free_processed,ESA WorldCover 2021,,2026-06-22
OK-TX-67,OK-TX-67-S001,Kelowna / Okanagan,22.21,13.69,49.46,14.53,open_free_processed,ESA WorldCover 2021,,2026-06-22
OK-TX-67,OK-TX-67-S002,Kelowna / Okanagan,20.47,16.41,62.61,0.51,open_free_processed,ESA WorldCover 2021,,2026-06-22
OK-TX-373,OK-TX-373-S001,Kelowna / Okanagan,57.58,42.42,0.0,0.0,open_free_processed,ESA WorldCover 2021,,2026-06-22
OK-TX-328,OK-TX-328-S001,Kelowna / Okanagan,76.54,23.46,0.0,0.0,open_free_processed,ESA WorldCover 2021,,2026-06-22
OK-TX-425,OK-TX-425-S001,Kelowna / Okanagan,59.85,39.42,0.0,0.73,open_free_processed,ESA WorldCover 2021,,2026-06-22
OK-TX-288,OK-TX-288-S001,Kelowna / Okanagan,82.35,17.65,0.0,0.0,open_free_processed,ESA WorldCover 2021,,2026-06-22
OK-TX-60,OK-TX-60-S001,Kelowna / Okanagan,91.86,8.14,0.0,0.0,open_free_processed,ESA WorldCover 2021,,2026-06-22
OK-TX-84,OK-TX-84-S001,Kelowna / Okanagan,100.0,0.0,0.0,0.0,open_free_processed,ESA WorldCover 2021,,2026-06-22
OK-TX-427,OK-TX-427-S001,Kelowna / Okanagan,92.54,7.46,0.0,0.0,open_free_processed,ESA WorldCover 2021,,2026-06-22
OK-TX-330,OK-TX-330-S001,Kelowna / Okanagan,70.66,12.57,16.77,0.0,open_free_processed,ESA WorldCover 2021,,2026-06-22
OK-TX-290,OK-TX-290-S001,Kelowna / Okanagan,75.68,24.32,0.0,0.0,open_free_processed,ESA WorldCover 2021,,2026-06-22
OK-TX-70,OK-TX-70-S001,Kelowna / Okanagan,17.34,82.66,0.0,0.0,open_free_processed,ESA WorldCover 2021,,2026-06-22
OK-TX-70,OK-TX-70-S002,Kelowna / Okanagan,,,,,stub_zero_pixels,ESA WorldCover 2021,Zero classified pixels under AOI,2026-06-22
OK-TX-70,OK-TX-70-S003,Kelowna / Okanagan,,,,,stub_zero_pixels,ESA WorldCover 2021,Zero classified pixels under AOI,2026-06-22
OK-TX-70,OK-TX-70-S004,Kelowna / Okanagan,,,,,stub_zero_pixels,ESA WorldCover 2021,Zero classified pixels under AOI,2026-06-22
OK-TX-70,OK-TX-70-S005,Kelowna / Okanagan,,,,,stub_zero_pixels,ESA WorldCover 2021,Zero classified pixels under AOI,2026-06-22
OK-TX-70,OK-TX-70-S006,Kelowna / Okanagan,,,,,stub_zero_pixels,ESA WorldCover 2021,Zero classified pixels under AOI,2026-06-22
OK-TX-3068,OK-TX-3068-S001,Kelowna / Okanagan,,,,,stub_zero_pixels,ESA WorldCover 2021,Zero classified pixels under AOI,2026-06-22
OK-TX-3068,OK-TX-3068-S002,Kelowna / Okanagan,,,,,stub_zero_pixels,ESA WorldCover 2021,Zero classified pixels under AOI,2026-06-22
OK-TX-3068,OK-TX-3068-S003,Kelowna / Okanagan,,,,,stub_zero_pixels,ESA WorldCover 2021,Zero classified pixels under AOI,2026-06-22
OK-TX-3068,OK-TX-3068-S004,Kelowna / Okanagan,,,,,stub_zero_pixels,ESA WorldCover 2021,Zero classified pixels under AOI,2026-06-22
OK-TX-3068,OK-TX-3068-S005,Kelowna / Okanagan,,,,,stub_zero_pixels,ESA WorldCover 2021,Zero classified pixels under AOI,2026-06-22
OK-TX-3068,OK-TX-3068-S006,Kelowna / Okanagan,,,,,stub_zero_pixels,ESA WorldCover 2021,Zero classified pixels under AOI,2026-06-22
OK-TX-3068,OK-TX-3068-S007,Kelowna / Okanagan,,,,,stub_zero_pixels,ESA WorldCover 2021,Zero classified pixels under AOI,2026-06-22
OK-TX-3068,OK-TX-3068-S008,Kelowna / Okanagan,,,,,stub_zero_pixels,ESA WorldCover 2021,Zero classified pixels under AOI,2026-06-22
OK-TX-3068,OK-TX-3068-S009,Kelowna / Okanagan,,,,,stub_zero_pixels,ESA WorldCover 2021,Zero classified pixels under AOI,2026-06-22
OK-TX-3068,OK-TX-3068-S010,Kelowna / Okanagan,,,,,stub_zero_pixels,ESA WorldCover 2021,Zero classified pixels under AOI,2026-06-22
OK-TX-3068,OK-TX-3068-S011,Kelowna / Okanagan,,,,,stub_zero_pixels,ESA WorldCover 2021,Zero classified pixels under AOI,2026-06-22
OK-TX-3068,OK-TX-3068-S012,Kelowna / Okanagan,,,,,stub_zero_pixels,ESA WorldCover 2021,Zero classified pixels under AOI,2026-06-22
OK-TX-3068,OK-TX-3068-S013,Kelowna / Okanagan,,,,,stub_zero_pixels,ESA WorldCover 2021,Zero classified pixels under AOI,2026-06-22
OK-TX-1708,OK-TX-1708-S001,Kelowna / Okanagan,0.0,100.0,0.0,0.0,open_free_processed,ESA WorldCover 2021,,2026-06-22
OK-TX-2821,OK-TX-2821-S001,Kelowna / Okanagan,,,,,stub_zero_pixels,ESA WorldCover 2021,Zero classified pixels under AOI,2026-06-22
OK-TX-2821,OK-TX-2821-S002,Kelowna / Okanagan,,,,,stub_zero_pixels,ESA WorldCover 2021,Zero classified pixels under AOI,2026-06-22
OK-TX-2821,OK-TX-2821-S003,Kelowna / Okanagan,,,,,stub_zero_pixels,ESA WorldCover 2021,Zero classified pixels under AOI,2026-06-22
OK-TX-2821,OK-TX-2821-S004,Kelowna / Okanagan,,,,,stub_zero_pixels,ESA WorldCover 2021,Zero classified pixels under AOI,2026-06-22
OK-TX-2821,OK-TX-2821-S005,Kelowna / Okanagan,,,,,stub_zero_pixels,ESA WorldCover 2021,Zero classified pixels under AOI,2026-06-22
OK-TX-2821,OK-TX-2821-S006,Kelowna / Okanagan,,,,,stub_zero_pixels,ESA WorldCover 2021,Zero classified pixels under AOI,2026-06-22
OK-TX-2821,OK-TX-2821-S007,Kelowna / Okanagan,,,,,stub_zero_pixels,ESA WorldCover 2021,Zero classified pixels under AOI,2026-06-22
OK-TX-2821,OK-TX-2821-S008,Kelowna / Okanagan,,,,,stub_zero_pixels,ESA WorldCover 2021,Zero classified pixels under AOI,2026-06-22
OK-TX-2821,OK-TX-2821-S009,Kelowna / Okanagan,,,,,stub_zero_pixels,ESA WorldCover 2021,Zero classified pixels under AOI,2026-06-22
OK-TX-2821,OK-TX-2821-S010,Kelowna / Okanagan,,,,,stub_zero_pixels,ESA WorldCover 2021,Zero classified pixels under AOI,2026-06-22
OK-TX-2821,OK-TX-2821-S011,Kelowna / Okanagan,,,,,stub_zero_pixels,ESA WorldCover 2021,Zero classified pixels under AOI,2026-06-22
OK-TX-2821,OK-TX-2821-S012,Kelowna / Okanagan,,,,,stub_zero_pixels,ESA WorldCover 2021,Zero classified pixels under AOI,2026-06-22
OK-TX-2821,OK-TX-2821-S013,Kelowna / Okanagan,,,,,stub_zero_pixels,ESA WorldCover 2021,Zero classified pixels under AOI,2026-06-22
OK-TX-2821,OK-TX-2821-S014,Kelowna / Okanagan,,,,,stub_zero_pixels,ESA WorldCover 2021,Zero classified pixels under AOI,2026-06-22
OK-TX-2821,OK-TX-2821-S015,Kelowna / Okanagan,,,,,stub_zero_pixels,ESA WorldCover 2021,Zero classified pixels under AOI,2026-06-22
OK-TX-2821,OK-TX-2821-S016,Kelowna / Okanagan,,,,,stub_zero_pixels,ESA WorldCover 2021,Zero classified pixels under AOI,2026-06-22
OK-TX-2821,OK-TX-2821-S017,Kelowna / Okanagan,,,,,stub_zero_pixels,ESA WorldCover 2021,Zero classified pixels under AOI,2026-06-22
OK-TX-2821,OK-TX-2821-S018,Kelowna / Okanagan,,,,,stub_zero_pixels,ESA WorldCover 2021,Zero classified pixels under AOI,2026-06-22
OK-TX-2821,OK-TX-2821-S019,Kelowna / Okanagan,,,,,stub_zero_pixels,ESA WorldCover 2021,Zero classified pixels under AOI,2026-06-22
OK-TX-2821,OK-TX-2821-S020,Kelowna / Okanagan,,,,,stub_zero_pixels,ESA WorldCover 2021,Zero classified pixels under AOI,2026-06-22
OK-TX-2821,OK-TX-2821-S021,Kelowna / Okanagan,,,,,stub_zero_pixels,ESA WorldCover 2021,Zero classified pixels under AOI,2026-06-22
OK-TX-2821,OK-TX-2821-S022,Kelowna / Okanagan,,,,,stub_zero_pixels,ESA WorldCover 2021,Zero classified pixels under AOI,2026-06-22
OK-TX-2821,OK-TX-2821-S023,Kelowna / Okanagan,,,,,stub_zero_pixels,ESA WorldCover 2021,Zero classified pixels under AOI,2026-06-22
OK-TX-2821,OK-TX-2821-S024,Kelowna / Okanagan,,,,,stub_zero_pixels,ESA WorldCover 2021,Zero classified pixels under AOI,2026-06-22
OK-TX-2821,OK-TX-2821-S025,Kelowna / Okanagan,,,,,stub_zero_pixels,ESA WorldCover 2021,Zero classified pixels under AOI,2026-06-22
OK-TX-2821,OK-TX-2821-S026,Kelowna / Okanagan,,,,,stub_zero_pixels,ESA WorldCover 2021,Zero classified pixels under AOI,2026-06-22
OK-TX-2821,OK-TX-2821-S027,Kelowna / Okanagan,,,,,stub_zero_pixels,ESA WorldCover 2021,Zero classified pixels under AOI,2026-06-22
OK-TX-2821,OK-TX-2821-S028,Kelowna / Okanagan,,,,,stub_zero_pixels,ESA WorldCover 2021,Zero classified pixels under AOI,2026-06-22
OK-TX-2821,OK-TX-2821-S029,Kelowna / Okanagan,,,,,stub_zero_pixels,ESA WorldCover 2021,Zero classified pixels under AOI,2026-06-22
OK-TX-2821,OK-TX-2821-S030,Kelowna / Okanagan,,,,,stub_zero_pixels,ESA WorldCover 2021,Zero classified pixels under AOI,2026-06-22
OK-TX-2821,OK-TX-2821-S031,Kelowna / Okanagan,,,,,stub_zero_pixels,ESA WorldCover 2021,Zero classified pixels under AOI,2026-06-22
OK-TX-2821,OK-TX-2821-S032,Kelowna / Okanagan,,,,,stub_zero_pixels,ESA WorldCover 2021,Zero classified pixels under AOI,2026-06-22
OK-TX-2821,OK-TX-2821-S033,Kelowna / Okanagan,,,,,stub_zero_pixels,ESA WorldCover 2021,Zero classified pixels under AOI,2026-06-22
OK-TX-2821,OK-TX-2821-S034,Kelowna / Okanagan,82.72,17.28,0.0,0.0,open_free_processed,ESA WorldCover 2021,,2026-06-22
OK-TX-2821,OK-TX-2821-S035,Kelowna / Okanagan,92.84,7.16,0.0,0.0,open_free_processed,ESA WorldCover 2021,,2026-06-22
OK-TX-2821,OK-TX-2821-S036,Kelowna / Okanagan,13.51,86.28,0.0,0.21,open_free_processed,ESA WorldCover 2021,,2026-06-22
OK-TX-2821,OK-TX-2821-S037,Kelowna / Okanagan,80.46,17.44,0.53,0.0,open_free_processed,ESA WorldCover 2021,,2026-06-22
OK-TX-2821,OK-TX-2821-S038,Kelowna / Okanagan,4.67,95.33,0.0,0.0,open_free_processed,ESA WorldCover 2021,,2026-06-22
OK-TX-2821,OK-TX-2821-S039,Kelowna / Okanagan,82.05,17.55,0.4,0.0,open_free_processed,ESA WorldCover 2021,,2026-06-22
OK-TX-2821,OK-TX-2821-S040,Kelowna / Okanagan,86.48,13.52,0.0,0.0,open_free_processed,ESA WorldCover 2021,,2026-06-22
OK-TX-2821,OK-TX-2821-S041,Kelowna / Okanagan,32.11,67.89,0.0,0.0,open_free_processed,ESA WorldCover 2021,,2026-06-22
OK-TX-2821,OK-TX-2821-S042,Kelowna / Okanagan,83.59,16.41,0.0,0.0,open_free_processed,ESA WorldCover 2021,,2026-06-22
OK-TX-2821,OK-TX-2821-S043,Kelowna / Okanagan,29.27,70.73,0.0,0.0,open_free_processed,ESA WorldCover 2021,,2026-06-22
OK-TX-2821,OK-TX-2821-S044,Kelowna / Okanagan,2.53,97.27,0.2,0.0,open_free_processed,ESA WorldCover 2021,,2026-06-22
OK-TX-2821,OK-TX-2821-S045,Kelowna / Okanagan,40.76,48.48,2.27,0.0,open_free_processed,ESA WorldCover 2021,,2026-06-22
OK-TX-2821,OK-TX-2821-S046,Kelowna / Okanagan,22.3,77.39,0.31,0.0,open_free_processed,ESA WorldCover 2021,,2026-06-22
OK-TX-2821,OK-TX-2821-S047,Kelowna / Okanagan,0.0,99.25,0.0,0.0,open_free_processed,ESA WorldCover 2021,,2026-06-22
OK-TX-2821,OK-TX-2821-S048,Kelowna / Okanagan,,,,,stub_zero_pixels,ESA WorldCover 2021,Zero classified pixels under AOI,2026-06-22
OK-TX-2821,OK-TX-2821-S049,Kelowna / Okanagan,,,,,stub_zero_pixels,ESA WorldCover 2021,Zero classified pixels under AOI,2026-06-22
OK-TX-2821,OK-TX-2821-S050,Kelowna / Okanagan,,,,,stub_zero_pixels,ESA WorldCover 2021,Zero classified pixels under AOI,2026-06-22
OK-TX-2821,OK-TX-2821-S051,Kelowna / Okanagan,,,,,stub_zero_pixels,ESA WorldCover 2021,Zero classified pixels under AOI,2026-06-22
OK-TX-2821,OK-TX-2821-S052,Kelowna / Okanagan,,,,,stub_zero_pixels,ESA WorldCover 2021,Zero classified pixels under AOI,2026-06-22
OK-TX-2821,OK-TX-2821-S053,Kelowna / Okanagan,,,,,stub_zero_pixels,ESA WorldCover 2021,Zero classified pixels under AOI,2026-06-22
OK-TX-2821,OK-TX-2821-S054,Kelowna / Okanagan,,,,,stub_zero_pixels,ESA WorldCover 2021,Zero classified pixels under AOI,2026-06-22
OK-TX-2821,OK-TX-2821-S055,Kelowna / Okanagan,,,,,stub_zero_pixels,ESA WorldCover 2021,Zero classified pixels under AOI,2026-06-22
OK-TX-2821,OK-TX-2821-S056,Kelowna / Okanagan,,,,,stub_zero_pixels,ESA WorldCover 2021,Zero classified pixels under AOI,2026-06-22
OK-TX-2821,OK-TX-2821-S057,Kelowna / Okanagan,,,,,stub_zero_pixels,ESA WorldCover 2021,Zero classified pixels under AOI,2026-06-22
OK-TX-2821,OK-TX-2821-S058,Kelowna / Okanagan,,,,,stub_zero_pixels,ESA WorldCover 2021,Zero classified pixels under AOI,2026-06-22
OK-TX-2554,OK-TX-2554-S001,Kelowna / Okanagan,,,,,stub_zero_pixels,ESA WorldCover 2021,Zero classified pixels under AOI,2026-06-22
OK-TX-2554,OK-TX-2554-S002,Kelowna / Okanagan,,,,,stub_zero_pixels,ESA WorldCover 2021,Zero classified pixels under AOI,2026-06-22
OK-TX-2554,OK-TX-2554-S003,Kelowna / Okanagan,,,,,stub_zero_pixels,ESA WorldCover 2021,Zero classified pixels under AOI,2026-06-22
OK-TX-2554,OK-TX-2554-S004,Kelowna / Okanagan,,,,,stub_zero_pixels,ESA WorldCover 2021,Zero classified pixels under AOI,2026-06-22
OK-TX-2554,OK-TX-2554-S005,Kelowna / Okanagan,,,,,stub_zero_pixels,ESA WorldCover 2021,Zero classified pixels under AOI,2026-06-22
OK-TX-2554,OK-TX-2554-S006,Kelowna / Okanagan,,,,,stub_zero_pixels,ESA WorldCover 2021,Zero classified pixels under AOI,2026-06-22
OK-TX-2554,OK-TX-2554-S007,Kelowna / Okanagan,,,,,stub_zero_pixels,ESA WorldCover 2021,Zero classified pixels under AOI,2026-06-22
OK-TX-2554,OK-TX-2554-S008,Kelowna / Okanagan,,,,,stub_zero_pixels,ESA WorldCover 2021,Zero classified pixels under AOI,2026-06-22
OK-TX-2554,OK-TX-2554-S009,Kelowna / Okanagan,,,,,stub_zero_pixels,ESA WorldCover 2021,Zero classified pixels under AOI,2026-06-22
OK-TX-2554,OK-TX-2554-S010,Kelowna / Okanagan,,,,,stub_zero_pixels,ESA WorldCover 2021,Zero classified pixels under AOI,2026-06-22
OK-TX-2554,OK-TX-2554-S011,Kelowna / Okanagan,,,,,stub_zero_pixels,ESA WorldCover 2021,Zero classified pixels under AOI,2026-06-22
OK-TX-2554,OK-TX-2554-S012,Kelowna / Okanagan,,,,,stub_zero_pixels,ESA WorldCover 2021,Zero classified pixels under AOI,2026-06-22
OK-TX-2554,OK-TX-2554-S013,Kelowna / Okanagan,,,,,stub_zero_pixels,ESA WorldCover 2021,Zero classified pixels under AOI,2026-06-22
OK-TX-2554,OK-TX-2554-S014,Kelowna / Okanagan,,,,,stub_zero_pixels,ESA WorldCover 2021,Zero classified pixels under AOI,2026-06-22
OK-TX-2554,OK-TX-2554-S015,Kelowna / Okanagan,,,,,stub_zero_pixels,ESA WorldCover 2021,Zero classified pixels under AOI,2026-06-22
OK-TX-2554,OK-TX-2554-S016,Kelowna / Okanagan,,,,,stub_zero_pixels,ESA WorldCover 2021,Zero classified pixels under AOI,2026-06-22
OK-TX-2554,OK-TX-2554-S017,Kelowna / Okanagan,,,,,stub_zero_pixels,ESA WorldCover 2021,Zero classified pixels under AOI,2026-06-22
OK-TX-2554,OK-TX-2554-S018,Kelowna / Okanagan,,,,,stub_zero_pixels,ESA WorldCover 2021,Zero classified pixels under AOI,2026-06-22
OK-TX-2554,OK-TX-2554-S019,Kelowna / Okanagan,,,,,stub_zero_pixels,ESA WorldCover 2021,Zero classified pixels under AOI,2026-06-22
OK-TX-2554,OK-TX-2554-S020,Kelowna / Okanagan,,,,,stub_zero_pixels,ESA WorldCover 2021,Zero classified pixels under AOI,2026-06-22
OK-TX-2554,OK-TX-2554-S021,Kelowna / Okanagan,,,,,stub_zero_pixels,ESA WorldCover 2021,Zero classified pixels under AOI,2026-06-22
OK-TX-2554,OK-TX-2554-S022,Kelowna / Okanagan,,,,,stub_zero_pixels,ESA WorldCover 2021,Zero classified pixels under AOI,2026-06-22
OK-TX-2554,OK-TX-2554-S023,Kelowna / Okanagan,,,,,stub_zero_pixels,ESA WorldCover 2021,Zero classified pixels under AOI,2026-06-22
OK-TX-2554,OK-TX-2554-S024,Kelowna / Okanagan,,,,,stub_zero_pixels,ESA WorldCover 2021,Zero classified pixels under AOI,2026-06-22
OK-TX-2554,OK-TX-2554-S025,Kelowna / Okanagan,,,,,stub_zero_pixels,ESA WorldCover 2021,Zero classified pixels under AOI,2026-06-22
OK-TX-2554,OK-TX-2554-S026,Kelowna / Okanagan,,,,,stub_zero_pixels,ESA WorldCover 2021,Zero classified pixels under AOI,2026-06-22
OK-TX-2554,OK-TX-2554-S027,Kelowna / Okanagan,,,,,stub_zero_pixels,ESA WorldCover 2021,Zero classified pixels under AOI,2026-06-22
OK-TX-2554,OK-TX-2554-S028,Kelowna / Okanagan,,,,,stub_zero_pixels,ESA WorldCover 2021,Zero classified pixels under AOI,2026-06-22
OK-TX-2554,OK-TX-2554-S029,Kelowna / Okanagan,,,,,stub_zero_pixels,ESA WorldCover 2021,Zero classified pixels under AOI,2026-06-22
OK-TX-2554,OK-TX-2554-S030,Kelowna / Okanagan,,,,,stub_zero_pixels,ESA WorldCover 2021,Zero classified pixels under AOI,2026-06-22
OK-TX-2554,OK-TX-2554-S031,Kelowna / Okanagan,,,,,stub_zero_pixels,ESA WorldCover 2021,Zero classified pixels under AOI,2026-06-22
OK-TX-2554,OK-TX-2554-S032,Kelowna / Okanagan,,,,,stub_zero_pixels,ESA WorldCover 2021,Zero classified pixels under AOI,2026-06-22
OK-TX-2554,OK-TX-2554-S033,Kelowna / Okanagan,,,,,stub_zero_pixels,ESA WorldCover 2021,Zero classified pixels under AOI,2026-06-22
OK-TX-2554,OK-TX-2554-S034,Kelowna / Okanagan,91.36,8.64,0.0,0.0,open_free_processed,ESA WorldCover 2021,,2026-06-22
OK-TX-2554,OK-TX-2554-S035,Kelowna / Okanagan,98.29,1.71,0.0,0.0,open_free_processed,ESA WorldCover 2021,,2026-06-22
OK-TX-2554,OK-TX-2554-S036,Kelowna / Okanagan,12.54,87.46,0.0,0.0,open_free_processed,ESA WorldCover 2021,,2026-06-22
OK-TX-2554,OK-TX-2554-S037,Kelowna / Okanagan,68.77,29.76,0.0,0.0,open_free_processed,ESA WorldCover 2021,,2026-06-22
OK-TX-2554,OK-TX-2554-S038,Kelowna / Okanagan,8.55,91.45,0.0,0.0,open_free_processed,ESA WorldCover 2021,,2026-06-22
OK-TX-2554,OK-TX-2554-S039,Kelowna / Okanagan,38.45,61.24,0.3,0.0,open_free_processed,ESA WorldCover 2021,,2026-06-22
OK-TX-2554,OK-TX-2554-S040,Kelowna / Okanagan,76.91,23.09,0.0,0.0,open_free_processed,ESA WorldCover 2021,,2026-06-22
OK-TX-2554,OK-TX-2554-S041,Kelowna / Okanagan,55.13,44.87,0.0,0.0,open_free_processed,ESA WorldCover 2021,,2026-06-22
OK-TX-2554,OK-TX-2554-S042,Kelowna / Okanagan,67.94,32.06,0.0,0.0,open_free_processed,ESA WorldCover 2021,,2026-06-22
OK-TX-2554,OK-TX-2554-S043,Kelowna / Okanagan,31.57,68.43,0.0,0.0,open_free_processed,ESA WorldCover 2021,,2026-06-22
OK-TX-2554,OK-TX-2554-S044,Kelowna / Okanagan,1.52,98.28,0.2,0.0,open_free_processed,ESA WorldCover 2021,,2026-06-22
OK-TX-2554,OK-TX-2554-S045,Kelowna / Okanagan,47.8,40.67,2.88,0.0,open_free_processed,ESA WorldCover 2021,,2026-06-22
OK-TX-2554,OK-TX-2554-S046,Kelowna / Okanagan,25.1,74.59,0.31,0.0,open_free_processed,ESA WorldCover 2021,,2026-06-22
OK-TX-2554,OK-TX-2554-S047,Kelowna / Okanagan,2.62,96.76,0.0,0.0,open_free_processed,ESA WorldCover 2021,,2026-06-22
OK-TX-2554,OK-TX-2554-S048,Kelowna / Okanagan,,,,,stub_zero_pixels,ESA WorldCover 2021,Zero classified pixels under AOI,2026-06-22
OK-TX-2554,OK-TX-2554-S049,Kelowna / Okanagan,,,,,stub_zero_pixels,ESA WorldCover 2021,Zero classified pixels under AOI,2026-06-22
OK-TX-2554,OK-TX-2554-S050,Kelowna / Okanagan,,,,,stub_zero_pixels,ESA WorldCover 2021,Zero classified pixels under AOI,2026-06-22
OK-TX-2554,OK-TX-2554-S051,Kelowna / Okanagan,,,,,stub_zero_pixels,ESA WorldCover 2021,Zero classified pixels under AOI,2026-06-22
OK-TX-2554,OK-TX-2554-S052,Kelowna / Okanagan,,,,,stub_zero_pixels,ESA WorldCover 2021,Zero classified pixels under AOI,2026-06-22
OK-TX-2554,OK-TX-2554-S053,Kelowna / Okanagan,,,,,stub_zero_pixels,ESA WorldCover 2021,Zero classified pixels under AOI,2026-06-22
OK-TX-2554,OK-TX-2554-S054,Kelowna / Okanagan,,,,,stub_zero_pixels,ESA WorldCover 2021,Zero classified pixels under AOI,2026-06-22
OK-TX-2554,OK-TX-2554-S055,Kelowna / Okanagan,,,,,stub_zero_pixels,ESA WorldCover 2021,Zero classified pixels under AOI,2026-06-22
OK-TX-2554,OK-TX-2554-S056,Kelowna / Okanagan,,,,,stub_zero_pixels,ESA WorldCover 2021,Zero classified pixels under AOI,2026-06-22
OK-TX-2554,OK-TX-2554-S057,Kelowna / Okanagan,,,,,stub_zero_pixels,ESA WorldCover 2021,Zero classified pixels under AOI,2026-06-22
OK-TX-2554,OK-TX-2554-S058,Kelowna / Okanagan,,,,,stub_zero_pixels,ESA WorldCover 2021,Zero classified pixels under AOI,2026-06-22
OK-TX-3029,OK-TX-3029-S001,Kelowna / Okanagan,,,,,stub_zero_pixels,ESA WorldCover 2021,Zero classified pixels under AOI,2026-06-22
OK-TX-3029,OK-TX-3029-S002,Kelowna / Okanagan,,,,,stub_zero_pixels,ESA WorldCover 2021,Zero classified pixels under AOI,2026-06-22
OK-TX-3029,OK-TX-3029-S003,Kelowna / Okanagan,,,,,stub_zero_pixels,ESA WorldCover 2021,Zero classified pixels under AOI,2026-06-22
OK-TX-3029,OK-TX-3029-S004,Kelowna / Okanagan,,,,,stub_zero_pixels,ESA WorldCover 2021,Zero classified pixels under AOI,2026-06-22
OK-TX-3029,OK-TX-3029-S005,Kelowna / Okanagan,,,,,stub_zero_pixels,ESA WorldCover 2021,Zero classified pixels under AOI,2026-06-22
OK-TX-3029,OK-TX-3029-S006,Kelowna / Okanagan,,,,,stub_zero_pixels,ESA WorldCover 2021,Zero classified pixels under AOI,2026-06-22
OK-TX-3029,OK-TX-3029-S007,Kelowna / Okanagan,,,,,stub_zero_pixels,ESA WorldCover 2021,Zero classified pixels under AOI,2026-06-22
OK-TX-3029,OK-TX-3029-S008,Kelowna / Okanagan,,,,,stub_zero_pixels,ESA WorldCover 2021,Zero classified pixels under AOI,2026-06-22
OK-TX-3029,OK-TX-3029-S009,Kelowna / Okanagan,,,,,stub_zero_pixels,ESA WorldCover 2021,Zero classified pixels under AOI,2026-06-22
OK-TX-3029,OK-TX-3029-S010,Kelowna / Okanagan,,,,,stub_zero_pixels,ESA WorldCover 2021,Zero classified pixels under AOI,2026-06-22
OK-TX-3029,OK-TX-3029-S011,Kelowna / Okanagan,,,,,stub_zero_pixels,ESA WorldCover 2021,Zero classified pixels under AOI,2026-06-22
OK-TX-3029,OK-TX-3029-S012,Kelowna / Okanagan,0.0,95.0,0.0,0.0,open_free_processed,ESA WorldCover 2021,,2026-06-22
OK-TX-3029,OK-TX-3029-S013,Kelowna / Okanagan,72.72,27.28,0.0,0.0,open_free_processed,ESA WorldCover 2021,,2026-06-22
OK-TX-3029,OK-TX-3029-S014,Kelowna / Okanagan,18.68,81.32,0.0,0.0,open_free_processed,ESA WorldCover 2021,,2026-06-22
OK-TX-3029,OK-TX-3029-S015,Kelowna / Okanagan,60.6,39.4,0.0,0.0,open_free_processed,ESA WorldCover 2021,,2026-06-22
OK-TX-3029,OK-TX-3029-S016,Kelowna / Okanagan,17.96,79.97,0.0,2.07,open_free_processed,ESA WorldCover 2021,,2026-06-22
OK-TX-3029,OK-TX-3029-S017,Kelowna / Okanagan,44.6,55.4,0.0,0.0,open_free_processed,ESA WorldCover 2021,,2026-06-22
OK-TX-3029,OK-TX-3029-S018,Kelowna / Okanagan,29.63,70.37,0.0,0.0,open_free_processed,ESA WorldCover 2021,,2026-06-22
OK-TX-3029,OK-TX-3029-S019,Kelowna / Okanagan,25.61,73.84,0.0,0.0,open_free_processed,ESA WorldCover 2021,,2026-06-22
OK-TX-3029,OK-TX-3029-S020,Kelowna / Okanagan,95.45,4.55,0.0,0.0,open_free_processed,ESA WorldCover 2021,,2026-06-22
OK-TX-3029,OK-TX-3029-S021,Kelowna / Okanagan,82.31,17.38,0.31,0.0,open_free_processed,ESA WorldCover 2021,,2026-06-22
OK-TX-3029,OK-TX-3029-S022,Kelowna / Okanagan,66.85,33.15,0.0,0.0,open_free_processed,ESA WorldCover 2021,,2026-06-22
OK-TX-3029,OK-TX-3029-S023,Kelowna / Okanagan,55.45,43.82,0.73,0.0,open_free_processed,ESA WorldCover 2021,,2026-06-22
OK-TX-3029,OK-TX-3029-S024,Kelowna / Okanagan,78.25,21.75,0.0,0.0,open_free_processed,ESA WorldCover 2021,,2026-06-22
OK-TX-3029,OK-TX-3029-S025,Kelowna / Okanagan,94.11,5.89,0.0,0.0,open_free_processed,ESA WorldCover 2021,,2026-06-22
OK-TX-3029,OK-TX-3029-S026,Kelowna / Okanagan,91.79,7.61,0.6,0.0,open_free_processed,ESA WorldCover 2021,,2026-06-22
OK-TX-3029,OK-TX-3029-S027,Kelowna / Okanagan,36.39,62.9,0.31,0.41,open_free_processed,ESA WorldCover 2021,,2026-06-22
OK-TX-3029,OK-TX-3029-S028,Kelowna / Okanagan,28.77,38.25,4.22,1.66,open_free_processed,ESA WorldCover 2021,,2026-06-22
OK-TX-2583,OK-TX-2583-S001,Kelowna / Okanagan,,,,,stub_zero_pixels,ESA WorldCover 2021,Zero classified pixels under AOI,2026-06-22
OK-TX-2583,OK-TX-2583-S002,Kelowna / Okanagan,,,,,stub_zero_pixels,ESA WorldCover 2021,Zero classified pixels under AOI,2026-06-22
OK-TX-2583,OK-TX-2583-S003,Kelowna / Okanagan,,,,,stub_zero_pixels,ESA WorldCover 2021,Zero classified pixels under AOI,2026-06-22
OK-TX-2583,OK-TX-2583-S004,Kelowna / Okanagan,,,,,stub_zero_pixels,ESA WorldCover 2021,Zero classified pixels under AOI,2026-06-22
OK-TX-2583,OK-TX-2583-S005,Kelowna / Okanagan,,,,,stub_zero_pixels,ESA WorldCover 2021,Zero classified pixels under AOI,2026-06-22
OK-TX-2583,OK-TX-2583-S006,Kelowna / Okanagan,,,,,stub_zero_pixels,ESA WorldCover 2021,Zero classified pixels under AOI,2026-06-22
OK-TX-2583,OK-TX-2583-S007,Kelowna / Okanagan,,,,,stub_zero_pixels,ESA WorldCover 2021,Zero classified pixels under AOI,2026-06-22
OK-TX-2583,OK-TX-2583-S008,Kelowna / Okanagan,,,,,stub_zero_pixels,ESA WorldCover 2021,Zero classified pixels under AOI,2026-06-22
OK-TX-2583,OK-TX-2583-S009,Kelowna / Okanagan,,,,,stub_zero_pixels,ESA WorldCover 2021,Zero classified pixels under AOI,2026-06-22
OK-TX-2583,OK-TX-2583-S010,Kelowna / Okanagan,26.33,73.67,0.0,0.0,open_free_processed,ESA WorldCover 2021,,2026-06-22
OK-TX-2583,OK-TX-2583-S011,Kelowna / Okanagan,39.43,60.47,0.0,0.1,open_free_processed,ESA WorldCover 2021,,2026-06-22
OK-TX-2583,OK-TX-2583-S012,Kelowna / Okanagan,35.32,64.68,0.0,0.0,open_free_processed,ESA WorldCover 2021,,2026-06-22
OK-TX-2583,OK-TX-2583-S013,Kelowna / Okanagan,74.03,19.42,1.66,4.88,open_free_processed,ESA WorldCover 2021,,2026-06-22
OK-TX-2583,OK-TX-2583-S014,Kelowna / Okanagan,96.41,3.05,0.54,0.0,open_free_processed,ESA WorldCover 2021,,2026-06-22
OK-TX-2583,OK-TX-2583-S015,Kelowna / Okanagan,69.49,28.96,0.83,0.72,open_free_processed,ESA WorldCover 2021,,2026-06-22
OK-TX-2583,OK-TX-2583-S016,Kelowna / Okanagan,47.93,10.37,38.94,2.76,open_free_processed,ESA WorldCover 2021,,2026-06-22
OK-TX-441,OK-TX-441-S001,Kelowna / Okanagan,,,,,stub_zero_pixels,ESA WorldCover 2021,Zero classified pixels under AOI,2026-06-22
OK-TX-441,OK-TX-441-S002,Kelowna / Okanagan,,,,,stub_zero_pixels,ESA WorldCover 2021,Zero classified pixels under AOI,2026-06-22
OK-TX-430,OK-TX-430-S001,Kelowna / Okanagan,88.34,10.76,0.45,0.45,open_free_processed,ESA WorldCover 2021,,2026-06-22
OK-TX-394,OK-TX-394-S001,Kelowna / Okanagan,100.0,0.0,0.0,0.0,open_free_processed,ESA WorldCover 2021,,2026-06-22
OK-TX-1342,OK-TX-1342-S001,Kelowna / Okanagan,31.93,59.66,0.0,8.4,open_free_processed,ESA WorldCover 2021,,2026-06-22
OK-TX-1176,OK-TX-1176-S001,Kelowna / Okanagan,3.97,94.22,0.0,0.0,open_free_processed,ESA WorldCover 2021,,2026-06-22
OK-TX-1341,OK-TX-1341-S001,Kelowna / Okanagan,60.48,37.14,0.0,0.0,open_free_processed,ESA WorldCover 2021,,2026-06-22
OK-TX-1340,OK-TX-1340-S001,Kelowna / Okanagan,32.26,57.26,0.0,0.0,open_free_processed,ESA WorldCover 2021,,2026-06-22
OK-TX-1337,OK-TX-1337-S001,Kelowna / Okanagan,14.23,83.79,0.0,0.0,open_free_processed,ESA WorldCover 2021,,2026-06-22
OK-TX-1350,OK-TX-1350-S001,Kelowna / Okanagan,3.0,96.01,0.33,0.33,open_free_processed,ESA WorldCover 2021,,2026-06-22
OK-TX-1350,OK-TX-1350-S002,Kelowna / Okanagan,14.04,85.96,0.0,0.0,open_free_processed,ESA WorldCover 2021,,2026-06-22
OK-TX-1351,OK-TX-1351-S001,Kelowna / Okanagan,0.0,100.0,0.0,0.0,open_free_processed,ESA WorldCover 2021,,2026-06-22
OK-TX-1336,OK-TX-1336-S001,Kelowna / Okanagan,0.57,98.86,0.0,0.57,open_free_processed,ESA WorldCover 2021,,2026-06-22
OK-TX-780,OK-TX-780-S001,Kelowna / Okanagan,16.86,78.96,2.66,1.52,open_free_processed,ESA WorldCover 2021,,2026-06-22
OK-TX-1352,OK-TX-1352-S001,Kelowna / Okanagan,0.0,100.0,0.0,0.0,open_free_processed,ESA WorldCover 2021,,2026-06-22
OK-TX-1068,OK-TX-1068-S001,Kelowna / Okanagan,2.67,95.89,0.0,0.21,open_free_processed,ESA WorldCover 2021,,2026-06-22
OK-TX-1269,OK-TX-1269-S001,Kelowna / Okanagan,92.19,7.81,0.0,0.0,open_free_processed,ESA WorldCover 2021,,2026-06-22
OK-TX-1266,OK-TX-1266-S001,Kelowna / Okanagan,84.27,15.73,0.0,0.0,open_free_processed,ESA WorldCover 2021,,2026-06-22
OK-TX-1023,OK-TX-1023-S001,Kelowna / Okanagan,17.24,82.76,0.0,0.0,open_free_processed,ESA WorldCover 2021,,2026-06-22
OK-TX-802,OK-TX-802-S001,Kelowna / Okanagan,7.4,84.01,6.21,2.39,open_free_processed,ESA WorldCover 2021,,2026-06-22
OK-TX-1210,OK-TX-1210-S001,Kelowna / Okanagan,0.0,100.0,0.0,0.0,open_free_processed,ESA WorldCover 2021,,2026-06-22
OK-TX-1020,OK-TX-1020-S001,Kelowna / Okanagan,0.0,100.0,0.0,0.0,open_free_processed,ESA WorldCover 2021,,2026-06-22
OK-TX-1067,OK-TX-1067-S001,Kelowna / Okanagan,4.0,96.0,0.0,0.0,open_free_processed,ESA WorldCover 2021,,2026-06-22
OK-TX-1329,OK-TX-1329-S001,Kelowna / Okanagan,52.0,48.0,0.0,0.0,open_free_processed,ESA WorldCover 2021,,2026-06-22
OK-TX-1212,OK-TX-1212-S001,Kelowna / Okanagan,14.55,80.0,0.91,4.55,open_free_processed,ESA WorldCover 2021,,2026-06-22
OK-TX-1108,OK-TX-1108-S001,Kelowna / Okanagan,3.3,93.41,0.0,3.3,open_free_processed,ESA WorldCover 2021,,2026-06-22
OK-TX-1349,OK-TX-1349-S001,Kelowna / Okanagan,35.0,65.0,0.0,0.0,open_free_processed,ESA WorldCover 2021,,2026-06-22
OK-TX-1443,OK-TX-1443-S001,Kelowna / Okanagan,15.23,51.06,32.86,0.85,open_free_processed,ESA WorldCover 2021,,2026-06-22
OK-TX-1313,OK-TX-1313-S001,Kelowna / Okanagan,31.29,68.71,0.0,0.0,open_free_processed,ESA WorldCover 2021,,2026-06-22
OK-TX-1315,OK-TX-1315-S001,Kelowna / Okanagan,8.02,91.98,0.0,0.0,open_free_processed,ESA WorldCover 2021,,2026-06-22
OK-TX-759,OK-TX-759-S001,Kelowna / Okanagan,27.78,72.22,0.0,0.0,open_free_processed,ESA WorldCover 2021,,2026-06-22
OK-TX-642,OK-TX-642-S001,Kelowna / Okanagan,0.0,100.0,0.0,0.0,open_free_processed,ESA WorldCover 2021,,2026-06-22
OK-TX-726,OK-TX-726-S001,Kelowna / Okanagan,0.0,100.0,0.0,0.0,open_free_processed,ESA WorldCover 2021,,2026-06-22
OK-TX-735,OK-TX-735-S001,Kelowna / Okanagan,0.0,98.38,1.62,0.0,open_free_processed,ESA WorldCover 2021,,2026-06-22
OK-TX-712,OK-TX-712-S001,Kelowna / Okanagan,0.0,100.0,0.0,0.0,open_free_processed,ESA WorldCover 2021,,2026-06-22
OK-TX-1307,OK-TX-1307-S001,Kelowna / Okanagan,10.43,89.57,0.0,0.0,open_free_processed,ESA WorldCover 2021,,2026-06-22
OK-TX-711,OK-TX-711-S001,Kelowna / Okanagan,57.58,42.42,0.0,0.0,open_free_processed,ESA WorldCover 2021,,2026-06-22
OK-TX-742,OK-TX-742-S001,Kelowna / Okanagan,1.05,97.89,1.05,0.0,open_free_processed,ESA WorldCover 2021,,2026-06-22
OK-TX-652,OK-TX-652-S001,Kelowna / Okanagan,2.41,0.0,93.98,3.61,open_free_processed,ESA WorldCover 2021,,2026-06-22
OK-TX-1361,OK-TX-1361-S001,Kelowna / Okanagan,45.88,49.41,4.71,0.0,open_free_processed,ESA WorldCover 2021,,2026-06-22
OK-TX-1425,OK-TX-1425-S001,Kelowna / Okanagan,68.67,27.71,3.61,0.0,open_free_processed,ESA WorldCover 2021,,2026-06-22
OK-TX-645,OK-TX-645-S001,Kelowna / Okanagan,51.16,45.35,3.49,0.0,open_free_processed,ESA WorldCover 2021,,2026-06-22
OK-TX-1308,OK-TX-1308-S001,Kelowna / Okanagan,9.33,89.64,1.04,0.0,open_free_processed,ESA WorldCover 2021,,2026-06-22
OK-TX-651,OK-TX-651-S001,Kelowna / Okanagan,0.0,33.33,66.67,0.0,open_free_processed,ESA WorldCover 2021,,2026-06-22
OK-TX-1314,OK-TX-1314-S001,Kelowna / Okanagan,0.0,97.86,1.42,0.71,open_free_processed,ESA WorldCover 2021,,2026-06-22
OK-TX-1312,OK-TX-1312-S001,Kelowna / Okanagan,8.22,91.12,0.0,0.66,open_free_processed,ESA WorldCover 2021,,2026-06-22
OK-TX-866,OK-TX-866-S001,Kelowna / Okanagan,7.35,91.47,0.59,0.59,open_free_processed,ESA WorldCover 2021,,2026-06-22
OK-TX-1196,OK-TX-1196-S001,Kelowna / Okanagan,3.87,83.63,5.36,6.55,open_free_processed,ESA WorldCover 2021,,2026-06-22
OK-TX-649,OK-TX-649-S001,Kelowna / Okanagan,16.55,78.83,1.46,3.16,open_free_processed,ESA WorldCover 2021,,2026-06-22
OK-TX-648,OK-TX-648-S001,Kelowna / Okanagan,18.92,75.43,1.72,3.93,open_free_processed,ESA WorldCover 2021,,2026-06-22
OK-TX-1014,OK-TX-1014-S001,Kelowna / Okanagan,17.24,51.72,20.69,10.34,open_free_processed,ESA WorldCover 2021,,2026-06-22
OK-TX-1012,OK-TX-1012-S001,Kelowna / Okanagan,50.91,38.18,5.45,1.82,open_free_processed,ESA WorldCover 2021,,2026-06-22
OK-TX-1260,OK-TX-1260-S001,Kelowna / Okanagan,90.91,0.0,9.09,0.0,open_free_processed,ESA WorldCover 2021,,2026-06-22
OK-TX-1421,OK-TX-1421-S001,Kelowna / Okanagan,91.67,0.0,8.33,0.0,open_free_processed,ESA WorldCover 2021,,2026-06-22
OK-TX-1267,OK-TX-1267-S001,Kelowna / Okanagan,80.49,0.0,19.51,0.0,open_free_processed,ESA WorldCover 2021,,2026-06-22
OK-TX-1372,OK-TX-1372-S001,Kelowna / Okanagan,90.91,0.0,9.09,0.0,open_free_processed,ESA WorldCover 2021,,2026-06-22
OK-TX-1386,OK-TX-1386-S001,Kelowna / Okanagan,100.0,0.0,0.0,0.0,open_free_processed,ESA WorldCover 2021,,2026-06-22
OK-TX-1371,OK-TX-1371-S001,Kelowna / Okanagan,87.8,0.0,12.2,0.0,open_free_processed,ESA WorldCover 2021,,2026-06-22
OK-TX-1420,OK-TX-1420-S001,Kelowna / Okanagan,1.69,0.0,89.83,8.47,open_free_processed,ESA WorldCover 2021,,2026-06-22
OK-TX-1373,OK-TX-1373-S001,Kelowna / Okanagan,1.69,0.0,86.44,11.86,open_free_processed,ESA WorldCover 2021,,2026-06-22
OK-TX-1422,OK-TX-1422-S001,Kelowna / Okanagan,8.86,0.32,80.7,10.13,open_free_processed,ESA WorldCover 2021,,2026-06-22
OK-TX-715,OK-TX-715-S001,Kelowna / Okanagan,6.06,33.33,48.48,3.03,open_free_processed,ESA WorldCover 2021,,2026-06-22
OK-TX-1423,OK-TX-1423-S001,Kelowna / Okanagan,0.0,0.0,100.0,0.0,open_free_processed,ESA WorldCover 2021,,2026-06-22
OK-TX-1385,OK-TX-1385-S001,Kelowna / Okanagan,0.0,0.0,100.0,0.0,open_free_processed,ESA WorldCover 2021,,2026-06-22
OK-TX-1370,OK-TX-1370-S001,Kelowna / Okanagan,25.32,10.76,60.44,3.48,open_free_processed,ESA WorldCover 2021,,2026-06-22
OK-TX-716,OK-TX-716-S001,Kelowna / Okanagan,0.0,55.56,44.44,0.0,open_free_processed,ESA WorldCover 2021,,2026-06-22
OK-TX-719,OK-TX-719-S001,Kelowna / Okanagan,0.0,57.89,42.11,0.0,open_free_processed,ESA WorldCover 2021,,2026-06-22
OK-TX-714,OK-TX-714-S001,Kelowna / Okanagan,9.68,32.26,29.03,12.9,open_free_processed,ESA WorldCover 2021,,2026-06-22
OK-TX-1424,OK-TX-1424-S001,Kelowna / Okanagan,25.0,0.0,75.0,0.0,open_free_processed,ESA WorldCover 2021,,2026-06-22
OK-TX-1369,OK-TX-1369-S001,Kelowna / Okanagan,31.25,0.0,68.75,0.0,open_free_processed,ESA WorldCover 2021,,2026-06-22
OK-TX-647,OK-TX-647-S001,Kelowna / Okanagan,23.33,46.67,13.33,16.67,open_free_processed,ESA WorldCover 2021,,2026-06-22
OK-TX-1426,OK-TX-1426-S001,Kelowna / Okanagan,0.0,41.67,50.0,8.33,open_free_processed,ESA WorldCover 2021,,2026-06-22
OK-TX-1365,OK-TX-1365-S001,Kelowna / Okanagan,0.0,36.36,54.55,9.09,open_free_processed,ESA WorldCover 2021,,2026-06-22
OK-TX-3031,OK-TX-3031-S001,Kelowna / Okanagan,66.67,27.78,0.0,5.56,open_free_processed,ESA WorldCover 2021,,2026-06-22
OK-TX-1399,OK-TX-1399-S001,Kelowna / Okanagan,29.17,0.0,70.83,0.0,open_free_processed,ESA WorldCover 2021,,2026-06-22
OK-TX-990,OK-TX-990-S001,Kelowna / Okanagan,33.33,29.17,37.5,0.0,open_free_processed,ESA WorldCover 2021,,2026-06-22
OK-TX-791,OK-TX-791-S001,Kelowna / Okanagan,73.53,20.59,2.94,2.94,open_free_processed,ESA WorldCover 2021,,2026-06-22
OK-TX-940,OK-TX-940-S001,Kelowna / Okanagan,40.16,48.03,1.57,10.24,open_free_processed,ESA WorldCover 2021,,2026-06-22
OK-TX-741,OK-TX-741-S001,Kelowna / Okanagan,38.64,61.36,0.0,0.0,open_free_processed,ESA WorldCover 2021,,2026-06-22
OK-TX-988,OK-TX-988-S001,Kelowna / Okanagan,36.59,60.98,2.44,0.0,open_free_processed,ESA WorldCover 2021,,2026-06-22
OK-TX-987,OK-TX-987-S001,Kelowna / Okanagan,0.0,87.66,3.9,8.44,open_free_processed,ESA WorldCover 2021,,2026-06-22
OK-TX-966,OK-TX-966-S001,Kelowna / Okanagan,1.95,52.6,28.57,16.88,open_free_processed,ESA WorldCover 2021,,2026-06-22
OK-TX-967,OK-TX-967-S001,Kelowna / Okanagan,12.9,85.48,1.61,0.0,open_free_processed,ESA WorldCover 2021,,2026-06-22
OK-TX-973,OK-TX-973-S001,Kelowna / Okanagan,20.0,73.33,6.67,0.0,open_free_processed,ESA WorldCover 2021,,2026-06-22
OK-TX-939,OK-TX-939-S001,Kelowna / Okanagan,66.67,0.0,33.33,0.0,open_free_processed,ESA WorldCover 2021,,2026-06-22
OK-TX-751,OK-TX-751-S001,Kelowna / Okanagan,20.0,0.0,80.0,0.0,open_free_processed,ESA WorldCover 2021,,2026-06-22
OK-TX-1414,OK-TX-1414-S001,Kelowna / Okanagan,20.86,73.38,5.76,0.0,open_free_processed,ESA WorldCover 2021,,2026-06-22
OK-TX-965,OK-TX-965-S001,Kelowna / Okanagan,62.5,0.0,37.5,0.0,open_free_processed,ESA WorldCover 2021,,2026-06-22
OK-TX-734,OK-TX-734-S001,Kelowna / Okanagan,37.93,44.83,17.24,0.0,open_free_processed,ESA WorldCover 2021,,2026-06-22
OK-TX-963,OK-TX-963-S001,Kelowna / Okanagan,23.53,50.0,26.47,0.0,open_free_processed,ESA WorldCover 2021,,2026-06-22
OK-TX-725,OK-TX-725-S001,Kelowna / Okanagan,46.15,33.33,20.51,0.0,open_free_processed,ESA WorldCover 2021,,2026-06-22
OK-TX-1004,OK-TX-1004-S001,Kelowna / Okanagan,44.27,54.17,1.56,0.0,open_free_processed,ESA WorldCover 2021,,2026-06-22
OK-TX-730,OK-TX-730-S001,Kelowna / Okanagan,60.0,40.0,0.0,0.0,open_free_processed,ESA WorldCover 2021,,2026-06-22
OK-TX-875,OK-TX-875-S001,Kelowna / Okanagan,0.0,100.0,0.0,0.0,open_free_processed,ESA WorldCover 2021,,2026-06-22
OK-TX-1309,OK-TX-1309-S001,Kelowna / Okanagan,28.98,71.02,0.0,0.0,open_free_processed,ESA WorldCover 2021,,2026-06-22
OK-TX-1309,OK-TX-1309-S002,Kelowna / Okanagan,29.77,70.23,0.0,0.0,open_free_processed,ESA WorldCover 2021,,2026-06-22
OK-TX-392,OK-TX-392-S001,Kelowna / Okanagan,100.0,0.0,0.0,0.0,open_free_processed,ESA WorldCover 2021,,2026-06-22
OK-TX-351,OK-TX-351-S001,Kelowna / Okanagan,44.83,55.17,0.0,0.0,open_free_processed,ESA WorldCover 2021,,2026-06-22
OK-TX-346,OK-TX-346-S001,Kelowna / Okanagan,69.44,30.56,0.0,0.0,open_free_processed,ESA WorldCover 2021,,2026-06-22
OK-TX-385,OK-TX-385-S001,Kelowna / Okanagan,98.18,1.82,0.0,0.0,open_free_processed,ESA WorldCover 2021,,2026-06-22
OK-TX-329,OK-TX-329-S001,Kelowna / Okanagan,100.0,0.0,0.0,0.0,open_free_processed,ESA WorldCover 2021,,2026-06-22
OK-TX-989,OK-TX-989-S001,Kelowna / Okanagan,26.77,33.0,39.74,0.49,open_free_processed,ESA WorldCover 2021,,2026-06-22
OK-TX-1235,OK-TX-1235-S001,Kelowna / Okanagan,33.33,0.0,66.67,0.0,open_free_processed,ESA WorldCover 2021,,2026-06-22
OK-TX-426,OK-TX-426-S001,Kelowna / Okanagan,92.31,7.69,0.0,0.0,open_free_processed,ESA WorldCover 2021,,2026-06-22
OK-TX-315,OK-TX-315-S001,Kelowna / Okanagan,100.0,0.0,0.0,0.0,open_free_processed,ESA WorldCover 2021,,2026-06-22
OK-TX-755,OK-TX-755-S001,Kelowna / Okanagan,12.12,10.3,77.58,0.0,open_free_processed,ESA WorldCover 2021,,2026-06-22
OK-TX-1294,OK-TX-1294-S001,Kelowna / Okanagan,19.08,78.17,1.07,1.68,open_free_processed,ESA WorldCover 2021,,2026-06-22
OK-TX-1294,OK-TX-1294-S002,Kelowna / Okanagan,23.85,76.15,0.0,0.0,open_free_processed,ESA WorldCover 2021,,2026-06-22
OK-TX-964,OK-TX-964-S001,Kelowna / Okanagan,0.0,0.0,100.0,0.0,open_free_processed,ESA WorldCover 2021,,2026-06-22
OK-TX-745,OK-TX-745-S001,Kelowna / Okanagan,39.39,33.33,27.27,0.0,open_free_processed,ESA WorldCover 2021,,2026-06-22
