date,aoi_id,aoi_name,region,station_name,station_lat,station_lon,eccc_temperature_mean_c,eccc_temperature_max_c,eccc_temperature_min_c,eccc_precip_total_mm,eccc_wind_speed_mean_kmh,eccc_wind_gust_max_kmh,wind_gust_stress_score,precipitation_stress_score,temperature_stress_score,short_term_dryness_proxy_score,eccc_weather_stress_score,hourly_observation_count,data_source,data_status,notes
2026-01-01,okanagan_corridor,Kelowna / Okanagan,Kelowna / Okanagan,KELOWNA,49.956,-119.378,-3.72,-0.3,-6.7,0.0,2.88,8.0,8.0,0.0,54.88,75.0,25.43,16,ECCC/MSC GeoMet climate-hourly,open_free_processed,Daily aggregate from climate-hourly near Kelowna (KELOWNA).
2026-01-02,okanagan_corridor,Kelowna / Okanagan,Kelowna / Okanagan,KELOWNA,49.956,-119.378,0.71,3.8,-1.0,0.0,5.38,11.0,11.0,0.0,37.15,75.0,23.08,24,ECCC/MSC GeoMet climate-hourly,open_free_processed,Daily aggregate from climate-hourly near Kelowna (KELOWNA).
2026-01-03,okanagan_corridor,Kelowna / Okanagan,Kelowna / Okanagan,KELOWNA,49.956,-119.378,1.74,4.8,0.5,0.2,4.58,9.0,9.0,0.4,33.05,75.0,21.56,24,ECCC/MSC GeoMet climate-hourly,open_free_processed,Daily aggregate from climate-hourly near Kelowna (KELOWNA).
2026-01-04,okanagan_corridor,Kelowna / Okanagan,Kelowna / Okanagan,KELOWNA,49.956,-119.378,2.37,6.7,0.1,1.0,3.88,9.0,9.0,2.0,30.52,75.0,21.45,24,ECCC/MSC GeoMet climate-hourly,open_free_processed,Daily aggregate from climate-hourly near Kelowna (KELOWNA).
2026-01-05,okanagan_corridor,Kelowna / Okanagan,Kelowna / Okanagan,KELOWNA,49.956,-119.378,2.89,6.3,0.3,0.0,6.46,11.0,11.0,0.0,28.43,75.0,21.34,24,ECCC/MSC GeoMet climate-hourly,open_free_processed,Daily aggregate from climate-hourly near Kelowna (KELOWNA).
2026-01-06,okanagan_corridor,Kelowna / Okanagan,Kelowna / Okanagan,KELOWNA,49.956,-119.378,1.77,4.0,-1.0,0.0,6.08,15.0,15.0,0.0,32.93,75.0,23.84,24,ECCC/MSC GeoMet climate-hourly,open_free_processed,Daily aggregate from climate-hourly near Kelowna (KELOWNA).
2026-01-07,okanagan_corridor,Kelowna / Okanagan,Kelowna / Okanagan,KELOWNA,49.956,-119.378,1.49,4.6,-1.4,0.0,6.12,17.0,17.0,0.0,34.03,75.0,24.86,24,ECCC/MSC GeoMet climate-hourly,open_free_processed,Daily aggregate from climate-hourly near Kelowna (KELOWNA).
2026-01-08,okanagan_corridor,Kelowna / Okanagan,Kelowna / Okanagan,KELOWNA,49.956,-119.378,0.84,6.7,-2.7,0.0,7.25,32.0,32.0,0.0,36.65,75.0,31.38,24,ECCC/MSC GeoMet climate-hourly,open_free_processed,Daily aggregate from climate-hourly near Kelowna (KELOWNA).
2026-01-09,okanagan_corridor,Kelowna / Okanagan,Kelowna / Okanagan,KELOWNA,49.956,-119.378,3.25,5.8,1.4,0.0,10.21,22.0,22.0,0.0,27.0,75.0,25.45,24,ECCC/MSC GeoMet climate-hourly,open_free_processed,Daily aggregate from climate-hourly near Kelowna (KELOWNA).
2026-01-10,okanagan_corridor,Kelowna / Okanagan,Kelowna / Okanagan,KELOWNA,49.956,-119.378,2.27,5.4,-0.8,0.0,5.08,15.0,15.0,0.0,30.93,75.0,23.44,24,ECCC/MSC GeoMet climate-hourly,open_free_processed,Daily aggregate from climate-hourly near Kelowna (KELOWNA).
2026-01-11,okanagan_corridor,Kelowna / Okanagan,Kelowna / Okanagan,KELOWNA,49.956,-119.378,1.83,3.9,-0.7,3.8,4.62,11.0,11.0,7.6,32.7,40.0,18.84,24,ECCC/MSC GeoMet climate-hourly,open_free_processed,Daily aggregate from climate-hourly near Kelowna (KELOWNA).
2026-01-12,okanagan_corridor,Kelowna / Okanagan,Kelowna / Okanagan,KELOWNA,49.956,-119.378,3.98,6.9,1.7,0.0,7.5,17.0,17.0,0.0,24.1,75.0,22.87,24,ECCC/MSC GeoMet climate-hourly,open_free_processed,Daily aggregate from climate-hourly near Kelowna (KELOWNA).
2026-01-13,okanagan_corridor,Kelowna / Okanagan,Kelowna / Okanagan,KELOWNA,49.956,-119.378,5.19,7.4,2.3,0.2,7.75,15.0,15.0,0.4,19.23,75.0,21.2,24,ECCC/MSC GeoMet climate-hourly,open_free_processed,Daily aggregate from climate-hourly near Kelowna (KELOWNA).
2026-01-14,okanagan_corridor,Kelowna / Okanagan,Kelowna / Okanagan,KELOWNA,49.956,-119.378,2.03,8.2,-1.2,0.0,5.62,15.0,15.0,0.0,31.88,75.0,23.63,24,ECCC/MSC GeoMet climate-hourly,open_free_processed,Daily aggregate from climate-hourly near Kelowna (KELOWNA).
2026-01-15,okanagan_corridor,Kelowna / Okanagan,Kelowna / Okanagan,KELOWNA,49.956,-119.378,3.49,8.4,-0.6,0.0,6.0,17.0,17.0,0.0,26.03,75.0,23.26,24,ECCC/MSC GeoMet climate-hourly,open_free_processed,Daily aggregate from climate-hourly near Kelowna (KELOWNA).
2026-01-16,okanagan_corridor,Kelowna / Okanagan,Kelowna / Okanagan,KELOWNA,49.956,-119.378,-1.03,6.2,-4.1,0.0,6.21,13.0,13.0,0.0,44.13,75.0,25.28,24,ECCC/MSC GeoMet climate-hourly,open_free_processed,Daily aggregate from climate-hourly near Kelowna (KELOWNA).
2026-01-17,okanagan_corridor,Kelowna / Okanagan,Kelowna / Okanagan,KELOWNA,49.956,-119.378,-0.41,0.1,-0.9,0.0,4.62,9.0,9.0,0.0,41.65,75.0,23.18,24,ECCC/MSC GeoMet climate-hourly,open_free_processed,Daily aggregate from climate-hourly near Kelowna (KELOWNA).
2026-01-18,okanagan_corridor,Kelowna / Okanagan,Kelowna / Okanagan,KELOWNA,49.956,-119.378,-0.84,-0.3,-1.4,0.0,7.04,15.0,15.0,0.0,43.37,75.0,25.92,24,ECCC/MSC GeoMet climate-hourly,open_free_processed,Daily aggregate from climate-hourly near Kelowna (KELOWNA).
2026-01-19,okanagan_corridor,Kelowna / Okanagan,Kelowna / Okanagan,KELOWNA,49.956,-119.378,-1.02,-0.5,-1.8,0.0,5.67,13.0,13.0,0.0,44.08,75.0,25.27,24,ECCC/MSC GeoMet climate-hourly,open_free_processed,Daily aggregate from climate-hourly near Kelowna (KELOWNA).
2026-01-20,okanagan_corridor,Kelowna / Okanagan,Kelowna / Okanagan,KELOWNA,49.956,-119.378,-0.31,0.8,-0.9,0.0,10.54,28.0,28.0,0.0,41.23,75.0,30.7,24,ECCC/MSC GeoMet climate-hourly,open_free_processed,Daily aggregate from climate-hourly near Kelowna (KELOWNA).
2026-01-21,okanagan_corridor,Kelowna / Okanagan,Kelowna / Okanagan,KELOWNA,49.956,-119.378,-0.88,0.3,-2.0,0.0,4.88,11.0,11.0,0.0,43.52,75.0,24.35,24,ECCC/MSC GeoMet climate-hourly,open_free_processed,Daily aggregate from climate-hourly near Kelowna (KELOWNA).
2026-01-22,okanagan_corridor,Kelowna / Okanagan,Kelowna / Okanagan,KELOWNA,49.956,-119.378,-1.06,-0.5,-1.7,0.0,3.21,11.0,11.0,0.0,44.25,75.0,24.5,24,ECCC/MSC GeoMet climate-hourly,open_free_processed,Daily aggregate from climate-hourly near Kelowna (KELOWNA).
2026-01-23,okanagan_corridor,Kelowna / Okanagan,Kelowna / Okanagan,KELOWNA,49.956,-119.378,-1.72,-0.8,-2.3,0.0,13.0,21.0,21.0,0.0,46.88,75.0,29.03,24,ECCC/MSC GeoMet climate-hourly,open_free_processed,Daily aggregate from climate-hourly near Kelowna (KELOWNA).
2026-01-24,okanagan_corridor,Kelowna / Okanagan,Kelowna / Okanagan,KELOWNA,49.956,-119.378,-7.23,-1.8,-12.5,0.0,7.29,24.0,24.0,0.0,68.9,75.0,34.63,24,ECCC/MSC GeoMet climate-hourly,open_free_processed,Daily aggregate from climate-hourly near Kelowna (KELOWNA).
2026-01-25,okanagan_corridor,Kelowna / Okanagan,Kelowna / Okanagan,KELOWNA,49.956,-119.378,-8.27,-2.7,-13.2,0.0,6.42,18.0,18.0,0.0,73.07,75.0,33.06,24,ECCC/MSC GeoMet climate-hourly,open_free_processed,Daily aggregate from climate-hourly near Kelowna (KELOWNA).
2026-01-26,okanagan_corridor,Kelowna / Okanagan,Kelowna / Okanagan,KELOWNA,49.956,-119.378,-4.56,0.0,-7.1,0.0,3.83,9.0,9.0,0.0,58.25,75.0,26.5,24,ECCC/MSC GeoMet climate-hourly,open_free_processed,Daily aggregate from climate-hourly near Kelowna (KELOWNA).
2026-01-27,okanagan_corridor,Kelowna / Okanagan,Kelowna / Okanagan,KELOWNA,49.956,-119.378,-2.42,1.8,-7.7,0.0,4.38,11.0,11.0,0.0,49.68,75.0,25.59,24,ECCC/MSC GeoMet climate-hourly,open_free_processed,Daily aggregate from climate-hourly near Kelowna (KELOWNA).
2026-01-28,okanagan_corridor,Kelowna / Okanagan,Kelowna / Okanagan,KELOWNA,49.956,-119.378,-0.15,6.5,-2.9,0.0,6.83,18.0,18.0,0.0,40.58,75.0,26.57,24,ECCC/MSC GeoMet climate-hourly,open_free_processed,Daily aggregate from climate-hourly near Kelowna (KELOWNA).
2026-01-29,okanagan_corridor,Kelowna / Okanagan,Kelowna / Okanagan,KELOWNA,49.956,-119.378,3.58,5.7,1.5,0.0,8.42,13.0,13.0,0.0,25.7,75.0,21.59,24,ECCC/MSC GeoMet climate-hourly,open_free_processed,Daily aggregate from climate-hourly near Kelowna (KELOWNA).
2026-01-30,okanagan_corridor,Kelowna / Okanagan,Kelowna / Okanagan,KELOWNA,49.956,-119.378,3.25,5.2,1.9,1.2,6.08,15.0,15.0,2.4,27.02,75.0,23.25,24,ECCC/MSC GeoMet climate-hourly,open_free_processed,Daily aggregate from climate-hourly near Kelowna (KELOWNA).
2026-01-31,okanagan_corridor,Kelowna / Okanagan,Kelowna / Okanagan,KELOWNA,49.956,-119.378,2.89,4.7,-0.3,0.0,6.04,17.0,17.0,0.0,28.45,75.0,23.74,24,ECCC/MSC GeoMet climate-hourly,open_free_processed,Daily aggregate from climate-hourly near Kelowna (KELOWNA).
2026-02-01,okanagan_corridor,Kelowna / Okanagan,Kelowna / Okanagan,KELOWNA,49.956,-119.378,2.98,6.2,0.9,1.5,5.33,13.0,13.0,3.0,28.1,75.0,22.82,24,ECCC/MSC GeoMet climate-hourly,open_free_processed,Daily aggregate from climate-hourly near Kelowna (KELOWNA).
2026-02-02,okanagan_corridor,Kelowna / Okanagan,Kelowna / Okanagan,KELOWNA,49.956,-119.378,4.03,6.1,0.0,0.2,8.71,17.0,17.0,0.4,23.87,75.0,22.92,24,ECCC/MSC GeoMet climate-hourly,open_free_processed,Daily aggregate from climate-hourly near Kelowna (KELOWNA).
2026-02-03,okanagan_corridor,Kelowna / Okanagan,Kelowna / Okanagan,KELOWNA,49.956,-119.378,4.56,6.7,2.9,0.0,4.96,13.0,13.0,0.0,21.75,75.0,20.8,24,ECCC/MSC GeoMet climate-hourly,open_free_processed,Daily aggregate from climate-hourly near Kelowna (KELOWNA).
2026-02-04,okanagan_corridor,Kelowna / Okanagan,Kelowna / Okanagan,KELOWNA,49.956,-119.378,5.28,8.2,3.4,0.0,4.92,15.0,15.0,0.0,18.88,75.0,21.03,24,ECCC/MSC GeoMet climate-hourly,open_free_processed,Daily aggregate from climate-hourly near Kelowna (KELOWNA).
2026-02-05,okanagan_corridor,Kelowna / Okanagan,Kelowna / Okanagan,KELOWNA,49.956,-119.378,2.49,7.7,-1.1,0.0,6.46,17.0,17.0,0.0,30.05,75.0,24.06,24,ECCC/MSC GeoMet climate-hourly,open_free_processed,Daily aggregate from climate-hourly near Kelowna (KELOWNA).
2026-02-06,okanagan_corridor,Kelowna / Okanagan,Kelowna / Okanagan,KELOWNA,49.956,-119.378,4.52,6.8,3.0,0.0,6.0,17.0,17.0,0.0,21.9,75.0,22.43,24,ECCC/MSC GeoMet climate-hourly,open_free_processed,Daily aggregate from climate-hourly near Kelowna (KELOWNA).
2026-02-07,okanagan_corridor,Kelowna / Okanagan,Kelowna / Okanagan,KELOWNA,49.956,-119.378,4.76,6.3,4.0,0.0,12.67,21.0,21.0,0.0,20.95,75.0,23.84,24,ECCC/MSC GeoMet climate-hourly,open_free_processed,Daily aggregate from climate-hourly near Kelowna (KELOWNA).
2026-02-08,okanagan_corridor,Kelowna / Okanagan,Kelowna / Okanagan,KELOWNA,49.956,-119.378,4.74,9.2,0.8,0.9,8.79,17.0,17.0,1.8,21.03,75.0,22.71,24,ECCC/MSC GeoMet climate-hourly,open_free_processed,Daily aggregate from climate-hourly near Kelowna (KELOWNA).
2026-02-09,okanagan_corridor,Kelowna / Okanagan,Kelowna / Okanagan,KELOWNA,49.956,-119.378,0.4,8.0,-4.4,0.0,4.46,15.0,15.0,0.0,38.4,75.0,24.93,24,ECCC/MSC GeoMet climate-hourly,open_free_processed,Daily aggregate from climate-hourly near Kelowna (KELOWNA).
2026-02-10,okanagan_corridor,Kelowna / Okanagan,Kelowna / Okanagan,KELOWNA,49.956,-119.378,2.56,8.6,-1.5,0.0,4.46,11.0,11.0,0.0,29.75,75.0,21.6,24,ECCC/MSC GeoMet climate-hourly,open_free_processed,Daily aggregate from climate-hourly near Kelowna (KELOWNA).
2026-02-11,okanagan_corridor,Kelowna / Okanagan,Kelowna / Okanagan,KELOWNA,49.956,-119.378,0.95,7.2,-3.9,0.0,4.96,11.0,11.0,0.0,36.18,75.0,22.89,24,ECCC/MSC GeoMet climate-hourly,open_free_processed,Daily aggregate from climate-hourly near Kelowna (KELOWNA).
2026-02-12,okanagan_corridor,Kelowna / Okanagan,Kelowna / Okanagan,KELOWNA,49.956,-119.378,0.72,8.3,-4.4,0.0,5.08,11.0,11.0,0.0,37.13,75.0,23.08,24,ECCC/MSC GeoMet climate-hourly,open_free_processed,Daily aggregate from climate-hourly near Kelowna (KELOWNA).
2026-02-13,okanagan_corridor,Kelowna / Okanagan,Kelowna / Okanagan,KELOWNA,49.956,-119.378,4.92,8.8,1.2,0.0,8.62,13.0,13.0,0.0,20.33,75.0,20.52,24,ECCC/MSC GeoMet climate-hourly,open_free_processed,Daily aggregate from climate-hourly near Kelowna (KELOWNA).
2026-02-14,okanagan_corridor,Kelowna / Okanagan,Kelowna / Okanagan,KELOWNA,49.956,-119.378,4.0,7.8,-0.5,0.2,6.21,15.0,15.0,0.4,24.0,75.0,22.15,24,ECCC/MSC GeoMet climate-hourly,open_free_processed,Daily aggregate from climate-hourly near Kelowna (KELOWNA).
2026-02-15,okanagan_corridor,Kelowna / Okanagan,Kelowna / Okanagan,KELOWNA,49.956,-119.378,-0.64,7.1,-6.9,0.0,5.92,26.0,26.0,0.0,42.55,75.0,30.16,24,ECCC/MSC GeoMet climate-hourly,open_free_processed,Daily aggregate from climate-hourly near Kelowna (KELOWNA).
2026-02-16,okanagan_corridor,Kelowna / Okanagan,Kelowna / Okanagan,KELOWNA,49.956,-119.378,0.79,5.5,-1.2,0.5,7.25,26.0,26.0,1.0,36.83,75.0,29.27,24,ECCC/MSC GeoMet climate-hourly,open_free_processed,Daily aggregate from climate-hourly near Kelowna (KELOWNA).
2026-02-17,okanagan_corridor,Kelowna / Okanagan,Kelowna / Okanagan,KELOWNA,49.956,-119.378,0.37,4.6,-2.6,1.9,4.12,28.0,28.0,3.8,38.52,75.0,31.1,24,ECCC/MSC GeoMet climate-hourly,open_free_processed,Daily aggregate from climate-hourly near Kelowna (KELOWNA).
2026-02-18,okanagan_corridor,Kelowna / Okanagan,Kelowna / Okanagan,KELOWNA,49.956,-119.378,-2.06,3.2,-4.9,0.0,22.92,34.0,34.0,0.0,48.23,75.0,34.5,24,ECCC/MSC GeoMet climate-hourly,open_free_processed,Daily aggregate from climate-hourly near Kelowna (KELOWNA).
2026-02-19,okanagan_corridor,Kelowna / Okanagan,Kelowna / Okanagan,KELOWNA,49.956,-119.378,-6.86,-2.5,-9.3,0.0,16.67,26.0,26.0,0.0,67.45,75.0,35.14,24,ECCC/MSC GeoMet climate-hourly,open_free_processed,Daily aggregate from climate-hourly near Kelowna (KELOWNA).
2026-02-20,okanagan_corridor,Kelowna / Okanagan,Kelowna / Okanagan,KELOWNA,49.956,-119.378,-10.23,-3.3,-14.7,0.0,4.75,15.0,15.0,0.0,80.93,75.0,33.44,24,ECCC/MSC GeoMet climate-hourly,open_free_processed,Daily aggregate from climate-hourly near Kelowna (KELOWNA).
2026-02-21,okanagan_corridor,Kelowna / Okanagan,Kelowna / Okanagan,KELOWNA,49.956,-119.378,-4.42,1.1,-7.5,0.0,4.0,8.0,8.0,0.0,57.68,75.0,25.99,24,ECCC/MSC GeoMet climate-hourly,open_free_processed,Daily aggregate from climate-hourly near Kelowna (KELOWNA).
2026-02-22,okanagan_corridor,Kelowna / Okanagan,Kelowna / Okanagan,KELOWNA,49.956,-119.378,-0.98,4.4,-5.0,0.0,3.5,13.0,13.0,0.0,43.93,75.0,25.24,24,ECCC/MSC GeoMet climate-hourly,open_free_processed,Daily aggregate from climate-hourly near Kelowna (KELOWNA).
2026-02-23,okanagan_corridor,Kelowna / Okanagan,Kelowna / Okanagan,KELOWNA,49.956,-119.378,2.5,10.5,-2.2,0.0,8.21,28.0,28.0,0.0,30.0,75.0,28.45,24,ECCC/MSC GeoMet climate-hourly,open_free_processed,Daily aggregate from climate-hourly near Kelowna (KELOWNA).
2026-02-24,okanagan_corridor,Kelowna / Okanagan,Kelowna / Okanagan,KELOWNA,49.956,-119.378,1.7,9.8,-6.1,0.0,6.54,28.0,28.0,0.0,33.18,75.0,29.09,24,ECCC/MSC GeoMet climate-hourly,open_free_processed,Daily aggregate from climate-hourly near Kelowna (KELOWNA).
2026-02-25,okanagan_corridor,Kelowna / Okanagan,Kelowna / Okanagan,KELOWNA,49.956,-119.378,1.21,9.3,-5.6,0.0,8.33,34.0,34.0,0.0,35.15,75.0,31.88,24,ECCC/MSC GeoMet climate-hourly,open_free_processed,Daily aggregate from climate-hourly near Kelowna (KELOWNA).
2026-02-26,okanagan_corridor,Kelowna / Okanagan,Kelowna / Okanagan,KELOWNA,49.956,-119.378,6.62,12.1,3.8,0.0,11.33,26.0,26.0,0.0,13.52,75.0,24.35,24,ECCC/MSC GeoMet climate-hourly,open_free_processed,Daily aggregate from climate-hourly near Kelowna (KELOWNA).
2026-02-27,okanagan_corridor,Kelowna / Okanagan,Kelowna / Okanagan,KELOWNA,49.956,-119.378,9.35,11.5,8.0,0.0,15.29,34.0,34.0,0.0,2.62,75.0,25.37,24,ECCC/MSC GeoMet climate-hourly,open_free_processed,Daily aggregate from climate-hourly near Kelowna (KELOWNA).
2026-02-28,okanagan_corridor,Kelowna / Okanagan,Kelowna / Okanagan,KELOWNA,49.956,-119.378,6.15,10.6,0.9,0.0,14.96,35.0,35.0,0.0,15.4,75.0,28.33,24,ECCC/MSC GeoMet climate-hourly,open_free_processed,Daily aggregate from climate-hourly near Kelowna (KELOWNA).
2026-03-01,okanagan_corridor,Kelowna / Okanagan,Kelowna / Okanagan,KELOWNA,49.956,-119.378,0.54,9.8,-6.3,0.0,5.79,24.0,24.0,0.0,37.85,75.0,28.42,24,ECCC/MSC GeoMet climate-hourly,open_free_processed,Daily aggregate from climate-hourly near Kelowna (KELOWNA).
2026-03-02,okanagan_corridor,Kelowna / Okanagan,Kelowna / Okanagan,KELOWNA,49.956,-119.378,1.78,9.7,-4.4,0.0,6.04,13.0,13.0,0.0,32.88,75.0,23.03,24,ECCC/MSC GeoMet climate-hourly,open_free_processed,Daily aggregate from climate-hourly near Kelowna (KELOWNA).
2026-03-03,okanagan_corridor,Kelowna / Okanagan,Kelowna / Okanagan,KELOWNA,49.956,-119.378,5.17,10.2,0.1,0.0,8.0,21.0,21.0,0.0,19.33,75.0,23.52,24,ECCC/MSC GeoMet climate-hourly,open_free_processed,Daily aggregate from climate-hourly near Kelowna (KELOWNA).
2026-03-04,okanagan_corridor,Kelowna / Okanagan,Kelowna / Okanagan,KELOWNA,49.956,-119.378,5.15,10.0,0.7,2.2,4.42,9.0,9.0,4.4,19.42,40.0,14.58,24,ECCC/MSC GeoMet climate-hourly,open_free_processed,Daily aggregate from climate-hourly near Kelowna (KELOWNA).
2026-03-05,okanagan_corridor,Kelowna / Okanagan,Kelowna / Okanagan,KELOWNA,49.956,-119.378,3.99,9.6,-1.1,0.2,5.71,15.0,15.0,0.4,24.03,75.0,22.16,24,ECCC/MSC GeoMet climate-hourly,open_free_processed,Daily aggregate from climate-hourly near Kelowna (KELOWNA).
2026-03-06,okanagan_corridor,Kelowna / Okanagan,Kelowna / Okanagan,KELOWNA,49.956,-119.378,6.66,12.9,1.4,0.0,8.67,21.0,21.0,0.0,13.37,75.0,22.32,24,ECCC/MSC GeoMet climate-hourly,open_free_processed,Daily aggregate from climate-hourly near Kelowna (KELOWNA).
2026-03-07,okanagan_corridor,Kelowna / Okanagan,Kelowna / Okanagan,KELOWNA,49.956,-119.378,10.55,16.0,6.5,0.6,11.88,24.0,24.0,1.2,2.22,75.0,21.59,24,ECCC/MSC GeoMet climate-hourly,open_free_processed,Daily aggregate from climate-hourly near Kelowna (KELOWNA).
2026-03-08,okanagan_corridor,Kelowna / Okanagan,Kelowna / Okanagan,KELOWNA,49.956,-119.378,10.4,15.9,1.6,1.4,16.58,58.0,58.0,2.8,1.58,75.0,35.47,24,ECCC/MSC GeoMet climate-hourly,open_free_processed,Daily aggregate from climate-hourly near Kelowna (KELOWNA).
2026-03-09,okanagan_corridor,Kelowna / Okanagan,Kelowna / Okanagan,KELOWNA,49.956,-119.378,2.43,7.6,-0.4,1.5,12.21,35.0,35.0,3.0,30.28,75.0,32.06,24,ECCC/MSC GeoMet climate-hourly,open_free_processed,Daily aggregate from climate-hourly near Kelowna (KELOWNA).
2026-03-10,okanagan_corridor,Kelowna / Okanagan,Kelowna / Okanagan,KELOWNA,49.956,-119.378,2.05,8.1,-3.5,0.0,10.0,30.0,30.0,0.0,31.78,75.0,29.61,24,ECCC/MSC GeoMet climate-hourly,open_free_processed,Daily aggregate from climate-hourly near Kelowna (KELOWNA).
2026-03-11,okanagan_corridor,Kelowna / Okanagan,Kelowna / Okanagan,KELOWNA,49.956,-119.378,2.93,7.2,-1.4,0.0,6.67,18.0,18.0,0.0,28.28,75.0,24.11,24,ECCC/MSC GeoMet climate-hourly,open_free_processed,Daily aggregate from climate-hourly near Kelowna (KELOWNA).
2026-03-12,okanagan_corridor,Kelowna / Okanagan,Kelowna / Okanagan,KELOWNA,49.956,-119.378,4.14,6.7,1.7,0.6,17.25,35.0,35.0,1.2,23.43,75.0,30.24,24,ECCC/MSC GeoMet climate-hourly,open_free_processed,Daily aggregate from climate-hourly near Kelowna (KELOWNA).
2026-03-13,okanagan_corridor,Kelowna / Okanagan,Kelowna / Okanagan,KELOWNA,49.956,-119.378,2.44,5.9,-0.3,0.0,14.38,32.0,32.0,0.0,30.25,75.0,30.1,24,ECCC/MSC GeoMet climate-hourly,open_free_processed,Daily aggregate from climate-hourly near Kelowna (KELOWNA).
2026-03-14,okanagan_corridor,Kelowna / Okanagan,Kelowna / Okanagan,KELOWNA,49.956,-119.378,1.97,5.9,-0.4,0.0,10.33,26.0,26.0,0.0,32.1,75.0,28.07,24,ECCC/MSC GeoMet climate-hourly,open_free_processed,Daily aggregate from climate-hourly near Kelowna (KELOWNA).
2026-03-15,okanagan_corridor,Kelowna / Okanagan,Kelowna / Okanagan,KELOWNA,49.956,-119.378,-1.54,4.5,-6.3,0.0,5.62,30.0,30.0,0.0,46.15,75.0,32.48,24,ECCC/MSC GeoMet climate-hourly,open_free_processed,Daily aggregate from climate-hourly near Kelowna (KELOWNA).
2026-03-16,okanagan_corridor,Kelowna / Okanagan,Kelowna / Okanagan,KELOWNA,49.956,-119.378,1.11,5.1,-0.8,9.5,3.92,13.0,13.0,19.0,35.55,40.0,23.06,24,ECCC/MSC GeoMet climate-hourly,open_free_processed,Daily aggregate from climate-hourly near Kelowna (KELOWNA).
2026-03-17,okanagan_corridor,Kelowna / Okanagan,Kelowna / Okanagan,KELOWNA,49.956,-119.378,5.77,14.8,1.8,0.0,6.75,17.0,17.0,0.0,16.92,75.0,21.43,24,ECCC/MSC GeoMet climate-hourly,open_free_processed,Daily aggregate from climate-hourly near Kelowna (KELOWNA).
2026-03-18,okanagan_corridor,Kelowna / Okanagan,Kelowna / Okanagan,KELOWNA,49.956,-119.378,12.58,19.6,5.9,0.0,4.67,11.0,11.0,0.0,10.33,75.0,17.72,24,ECCC/MSC GeoMet climate-hourly,open_free_processed,Daily aggregate from climate-hourly near Kelowna (KELOWNA).
2026-03-19,okanagan_corridor,Kelowna / Okanagan,Kelowna / Okanagan,KELOWNA,49.956,-119.378,15.62,19.6,11.2,0.0,9.33,32.0,32.0,0.0,22.47,75.0,28.54,24,ECCC/MSC GeoMet climate-hourly,open_free_processed,Daily aggregate from climate-hourly near Kelowna (KELOWNA).
2026-03-20,okanagan_corridor,Kelowna / Okanagan,Kelowna / Okanagan,KELOWNA,49.956,-119.378,14.47,19.9,9.8,0.0,13.54,39.0,39.0,0.0,17.88,75.0,30.43,24,ECCC/MSC GeoMet climate-hourly,open_free_processed,Daily aggregate from climate-hourly near Kelowna (KELOWNA).
2026-03-21,okanagan_corridor,Kelowna / Okanagan,Kelowna / Okanagan,KELOWNA,49.956,-119.378,9.26,18.6,0.1,0.0,15.75,41.0,41.0,0.0,2.95,75.0,28.24,24,ECCC/MSC GeoMet climate-hourly,open_free_processed,Daily aggregate from climate-hourly near Kelowna (KELOWNA).
2026-03-22,okanagan_corridor,Kelowna / Okanagan,Kelowna / Okanagan,KELOWNA,49.956,-119.378,5.77,13.4,-3.1,0.0,11.88,30.0,30.0,0.0,16.92,75.0,26.63,24,ECCC/MSC GeoMet climate-hourly,open_free_processed,Daily aggregate from climate-hourly near Kelowna (KELOWNA).
2026-03-23,okanagan_corridor,Kelowna / Okanagan,Kelowna / Okanagan,KELOWNA,49.956,-119.378,4.9,13.1,-2.3,0.0,5.92,17.0,17.0,0.0,20.38,75.0,22.13,24,ECCC/MSC GeoMet climate-hourly,open_free_processed,Daily aggregate from climate-hourly near Kelowna (KELOWNA).
2026-03-24,okanagan_corridor,Kelowna / Okanagan,Kelowna / Okanagan,KELOWNA,49.956,-119.378,6.28,11.9,4.6,3.4,7.08,24.0,24.0,6.8,14.87,40.0,20.27,24,ECCC/MSC GeoMet climate-hourly,open_free_processed,Daily aggregate from climate-hourly near Kelowna (KELOWNA).
2026-03-25,okanagan_corridor,Kelowna / Okanagan,Kelowna / Okanagan,KELOWNA,49.956,-119.378,7.88,12.7,3.2,0.0,11.92,24.0,24.0,0.0,8.48,75.0,22.55,24,ECCC/MSC GeoMet climate-hourly,open_free_processed,Daily aggregate from climate-hourly near Kelowna (KELOWNA).
2026-03-26,okanagan_corridor,Kelowna / Okanagan,Kelowna / Okanagan,KELOWNA,49.956,-119.378,5.91,11.4,2.3,0.0,19.29,37.0,37.0,0.0,16.37,75.0,29.32,24,ECCC/MSC GeoMet climate-hourly,open_free_processed,Daily aggregate from climate-hourly near Kelowna (KELOWNA).
2026-03-27,okanagan_corridor,Kelowna / Okanagan,Kelowna / Okanagan,KELOWNA,49.956,-119.378,4.55,13.2,-3.0,0.0,6.25,26.0,26.0,0.0,21.8,75.0,26.01,24,ECCC/MSC GeoMet climate-hourly,open_free_processed,Daily aggregate from climate-hourly near Kelowna (KELOWNA).
2026-03-28,okanagan_corridor,Kelowna / Okanagan,Kelowna / Okanagan,KELOWNA,49.956,-119.378,6.15,14.5,1.2,0.0,8.46,30.0,30.0,0.0,15.38,75.0,26.33,24,ECCC/MSC GeoMet climate-hourly,open_free_processed,Daily aggregate from climate-hourly near Kelowna (KELOWNA).
2026-03-29,okanagan_corridor,Kelowna / Okanagan,Kelowna / Okanagan,KELOWNA,49.956,-119.378,6.28,13.7,-0.9,0.0,9.04,34.0,34.0,0.0,14.88,75.0,27.83,24,ECCC/MSC GeoMet climate-hourly,open_free_processed,Daily aggregate from climate-hourly near Kelowna (KELOWNA).
2026-03-30,okanagan_corridor,Kelowna / Okanagan,Kelowna / Okanagan,KELOWNA,49.956,-119.378,2.35,8.4,-7.6,0.0,10.0,43.0,43.0,0.0,30.58,75.0,34.57,24,ECCC/MSC GeoMet climate-hourly,open_free_processed,Daily aggregate from climate-hourly near Kelowna (KELOWNA).
2026-03-31,okanagan_corridor,Kelowna / Okanagan,Kelowna / Okanagan,KELOWNA,49.956,-119.378,1.76,10.6,-5.1,0.0,4.58,11.0,11.0,0.0,32.97,75.0,22.24,24,ECCC/MSC GeoMet climate-hourly,open_free_processed,Daily aggregate from climate-hourly near Kelowna (KELOWNA).
2026-04-01,okanagan_corridor,Kelowna / Okanagan,Kelowna / Okanagan,KELOWNA,49.956,-119.378,3.88,10.6,-2.1,0.0,7.75,22.0,22.0,0.0,24.47,75.0,24.94,24,ECCC/MSC GeoMet climate-hourly,open_free_processed,Daily aggregate from climate-hourly near Kelowna (KELOWNA).
2026-04-02,okanagan_corridor,Kelowna / Okanagan,Kelowna / Okanagan,KELOWNA,49.956,-119.378,6.34,12.1,2.6,0.2,5.46,15.0,15.0,0.4,14.63,75.0,20.28,24,ECCC/MSC GeoMet climate-hourly,open_free_processed,Daily aggregate from climate-hourly near Kelowna (KELOWNA).
2026-04-03,okanagan_corridor,Kelowna / Okanagan,Kelowna / Okanagan,KELOWNA,49.956,-119.378,8.93,15.0,3.0,0.0,10.08,22.0,22.0,0.0,4.28,75.0,20.91,24,ECCC/MSC GeoMet climate-hourly,open_free_processed,Daily aggregate from climate-hourly near Kelowna (KELOWNA).
2026-04-04,okanagan_corridor,Kelowna / Okanagan,Kelowna / Okanagan,KELOWNA,49.956,-119.378,10.82,18.8,1.3,0.0,7.54,17.0,17.0,0.0,3.27,75.0,18.7,24,ECCC/MSC GeoMet climate-hourly,open_free_processed,Daily aggregate from climate-hourly near Kelowna (KELOWNA).
2026-04-05,okanagan_corridor,Kelowna / Okanagan,Kelowna / Okanagan,KELOWNA,49.956,-119.378,8.89,19.2,-0.8,0.0,6.58,24.0,24.0,0.0,4.45,75.0,21.74,24,ECCC/MSC GeoMet climate-hourly,open_free_processed,Daily aggregate from climate-hourly near Kelowna (KELOWNA).
2026-04-06,okanagan_corridor,Kelowna / Okanagan,Kelowna / Okanagan,KELOWNA,49.956,-119.378,10.55,20.1,2.6,0.0,5.21,13.0,13.0,0.0,2.18,75.0,16.89,24,ECCC/MSC GeoMet climate-hourly,open_free_processed,Daily aggregate from climate-hourly near Kelowna (KELOWNA).
2026-04-07,okanagan_corridor,Kelowna / Okanagan,Kelowna / Okanagan,KELOWNA,49.956,-119.378,11.16,19.1,5.1,0.0,15.5,46.0,46.0,0.0,4.63,75.0,30.58,24,ECCC/MSC GeoMet climate-hourly,open_free_processed,Daily aggregate from climate-hourly near Kelowna (KELOWNA).
2026-04-08,okanagan_corridor,Kelowna / Okanagan,Kelowna / Okanagan,KELOWNA,49.956,-119.378,5.43,15.1,-3.6,0.0,11.08,39.0,39.0,0.0,18.28,75.0,30.51,24,ECCC/MSC GeoMet climate-hourly,open_free_processed,Daily aggregate from climate-hourly near Kelowna (KELOWNA).
2026-04-09,okanagan_corridor,Kelowna / Okanagan,Kelowna / Okanagan,KELOWNA,49.956,-119.378,6.77,18.1,-2.4,0.0,9.88,30.0,30.0,0.0,12.93,75.0,25.84,24,ECCC/MSC GeoMet climate-hourly,open_free_processed,Daily aggregate from climate-hourly near Kelowna (KELOWNA).
2026-04-10,okanagan_corridor,Kelowna / Okanagan,Kelowna / Okanagan,KELOWNA,49.956,-119.378,8.71,20.6,-1.0,0.0,5.12,9.0,9.0,0.0,5.17,75.0,15.88,24,ECCC/MSC GeoMet climate-hourly,open_free_processed,Daily aggregate from climate-hourly near Kelowna (KELOWNA).
2026-04-11,okanagan_corridor,Kelowna / Okanagan,Kelowna / Okanagan,KELOWNA,49.956,-119.378,12.1,20.8,7.1,0.0,5.71,17.0,17.0,0.0,8.38,75.0,19.73,24,ECCC/MSC GeoMet climate-hourly,open_free_processed,Daily aggregate from climate-hourly near Kelowna (KELOWNA).
2026-04-12,okanagan_corridor,Kelowna / Okanagan,Kelowna / Okanagan,KELOWNA,49.956,-119.378,11.55,16.6,8.2,8.9,4.88,11.0,11.0,17.8,6.18,40.0,16.09,24,ECCC/MSC GeoMet climate-hourly,open_free_processed,Daily aggregate from climate-hourly near Kelowna (KELOWNA).
2026-04-13,okanagan_corridor,Kelowna / Okanagan,Kelowna / Okanagan,KELOWNA,49.956,-119.378,11.28,17.5,6.0,0.4,12.54,39.0,39.0,0.8,5.12,75.0,28.07,24,ECCC/MSC GeoMet climate-hourly,open_free_processed,Daily aggregate from climate-hourly near Kelowna (KELOWNA).
2026-04-14,okanagan_corridor,Kelowna / Okanagan,Kelowna / Okanagan,KELOWNA,49.956,-119.378,9.33,15.9,2.9,0.0,15.38,39.0,39.0,0.0,2.7,75.0,27.39,24,ECCC/MSC GeoMet climate-hourly,open_free_processed,Daily aggregate from climate-hourly near Kelowna (KELOWNA).
2026-04-15,okanagan_corridor,Kelowna / Okanagan,Kelowna / Okanagan,KELOWNA,49.956,-119.378,7.65,11.3,2.3,0.0,11.96,32.0,32.0,0.0,9.42,75.0,25.93,24,ECCC/MSC GeoMet climate-hourly,open_free_processed,Daily aggregate from climate-hourly near Kelowna (KELOWNA).
2026-04-16,okanagan_corridor,Kelowna / Okanagan,Kelowna / Okanagan,KELOWNA,49.956,-119.378,5.1,12.8,-0.6,0.0,6.46,17.0,17.0,0.0,19.58,75.0,21.97,24,ECCC/MSC GeoMet climate-hourly,open_free_processed,Daily aggregate from climate-hourly near Kelowna (KELOWNA).
2026-04-17,okanagan_corridor,Kelowna / Okanagan,Kelowna / Okanagan,KELOWNA,49.956,-119.378,7.48,13.5,-2.1,0.0,9.58,30.0,30.0,0.0,10.07,75.0,25.26,24,ECCC/MSC GeoMet climate-hourly,open_free_processed,Daily aggregate from climate-hourly near Kelowna (KELOWNA).
2026-04-18,okanagan_corridor,Kelowna / Okanagan,Kelowna / Okanagan,KELOWNA,49.956,-119.378,6.48,17.4,-2.0,0.0,6.12,24.0,24.0,0.0,14.08,75.0,23.67,24,ECCC/MSC GeoMet climate-hourly,open_free_processed,Daily aggregate from climate-hourly near Kelowna (KELOWNA).
2026-04-19,okanagan_corridor,Kelowna / Okanagan,Kelowna / Okanagan,KELOWNA,49.956,-119.378,11.57,21.8,1.6,0.0,5.67,15.0,15.0,0.0,6.28,75.0,18.51,24,ECCC/MSC GeoMet climate-hourly,open_free_processed,Daily aggregate from climate-hourly near Kelowna (KELOWNA).
2026-04-20,okanagan_corridor,Kelowna / Okanagan,Kelowna / Okanagan,KELOWNA,49.956,-119.378,13.98,23.9,2.3,0.0,5.21,15.0,15.0,0.0,15.92,75.0,20.43,24,ECCC/MSC GeoMet climate-hourly,open_free_processed,Daily aggregate from climate-hourly near Kelowna (KELOWNA).
2026-04-21,okanagan_corridor,Kelowna / Okanagan,Kelowna / Okanagan,KELOWNA,49.956,-119.378,15.63,23.1,5.9,0.0,7.0,26.0,26.0,0.0,22.53,75.0,26.16,24,ECCC/MSC GeoMet climate-hourly,open_free_processed,Daily aggregate from climate-hourly near Kelowna (KELOWNA).
2026-04-22,okanagan_corridor,Kelowna / Okanagan,Kelowna / Okanagan,KELOWNA,49.956,-119.378,16.55,23.2,10.4,0.0,15.08,37.0,37.0,0.0,26.18,75.0,31.29,24,ECCC/MSC GeoMet climate-hourly,open_free_processed,Daily aggregate from climate-hourly near Kelowna (KELOWNA).
2026-04-23,okanagan_corridor,Kelowna / Okanagan,Kelowna / Okanagan,KELOWNA,49.956,-119.378,11.98,18.9,5.6,0.0,24.5,45.0,45.0,0.0,7.92,75.0,30.83,24,ECCC/MSC GeoMet climate-hourly,open_free_processed,Daily aggregate from climate-hourly near Kelowna (KELOWNA).
2026-04-24,okanagan_corridor,Kelowna / Okanagan,Kelowna / Okanagan,KELOWNA,49.956,-119.378,6.92,13.8,-1.9,0.0,12.04,37.0,37.0,0.0,12.32,75.0,28.51,24,ECCC/MSC GeoMet climate-hourly,open_free_processed,Daily aggregate from climate-hourly near Kelowna (KELOWNA).
2026-04-25,okanagan_corridor,Kelowna / Okanagan,Kelowna / Okanagan,KELOWNA,49.956,-119.378,6.05,15.4,-4.8,0.0,11.58,28.0,28.0,0.0,15.78,75.0,25.61,24,ECCC/MSC GeoMet climate-hourly,open_free_processed,Daily aggregate from climate-hourly near Kelowna (KELOWNA).
2026-04-26,okanagan_corridor,Kelowna / Okanagan,Kelowna / Okanagan,KELOWNA,49.956,-119.378,6.51,16.5,-4.5,0.0,9.92,24.0,24.0,0.0,13.95,75.0,23.64,24,ECCC/MSC GeoMet climate-hourly,open_free_processed,Daily aggregate from climate-hourly near Kelowna (KELOWNA).
2026-04-27,okanagan_corridor,Kelowna / Okanagan,Kelowna / Okanagan,KELOWNA,49.956,-119.378,8.26,18.9,-2.9,0.0,5.83,15.0,15.0,0.0,6.95,75.0,18.64,24,ECCC/MSC GeoMet climate-hourly,open_free_processed,Daily aggregate from climate-hourly near Kelowna (KELOWNA).
2026-04-28,okanagan_corridor,Kelowna / Okanagan,Kelowna / Okanagan,KELOWNA,49.956,-119.378,12.38,19.2,4.3,0.0,8.92,32.0,32.0,0.0,9.52,75.0,25.95,24,ECCC/MSC GeoMet climate-hourly,open_free_processed,Daily aggregate from climate-hourly near Kelowna (KELOWNA).
2026-04-29,okanagan_corridor,Kelowna / Okanagan,Kelowna / Okanagan,KELOWNA,49.956,-119.378,11.8,20.9,1.9,0.0,7.38,41.0,41.0,0.0,7.18,75.0,29.09,24,ECCC/MSC GeoMet climate-hourly,open_free_processed,Daily aggregate from climate-hourly near Kelowna (KELOWNA).
2026-04-30,okanagan_corridor,Kelowna / Okanagan,Kelowna / Okanagan,KELOWNA,49.956,-119.378,12.72,24.5,2.5,0.0,6.5,22.0,22.0,0.0,10.9,75.0,22.23,24,ECCC/MSC GeoMet climate-hourly,open_free_processed,Daily aggregate from climate-hourly near Kelowna (KELOWNA).
2026-05-01,okanagan_corridor,Kelowna / Okanagan,Kelowna / Okanagan,KELOWNA,49.956,-119.378,15.75,24.8,6.4,0.0,4.25,11.0,11.0,0.0,23.02,75.0,20.25,24,ECCC/MSC GeoMet climate-hourly,open_free_processed,Daily aggregate from climate-hourly near Kelowna (KELOWNA).
2026-05-02,okanagan_corridor,Kelowna / Okanagan,Kelowna / Okanagan,KELOWNA,49.956,-119.378,16.43,26.0,5.8,0.0,9.17,26.0,26.0,0.0,25.72,75.0,26.79,24,ECCC/MSC GeoMet climate-hourly,open_free_processed,Daily aggregate from climate-hourly near Kelowna (KELOWNA).
2026-05-03,okanagan_corridor,Kelowna / Okanagan,Kelowna / Okanagan,KELOWNA,49.956,-119.378,16.21,27.5,6.6,0.0,9.25,26.0,26.0,0.0,24.83,75.0,26.62,24,ECCC/MSC GeoMet climate-hourly,open_free_processed,Daily aggregate from climate-hourly near Kelowna (KELOWNA).
2026-05-04,okanagan_corridor,Kelowna / Okanagan,Kelowna / Okanagan,KELOWNA,49.956,-119.378,17.33,27.8,6.0,0.0,10.42,39.0,39.0,0.0,29.32,75.0,32.71,24,ECCC/MSC GeoMet climate-hourly,open_free_processed,Daily aggregate from climate-hourly near Kelowna (KELOWNA).
2026-05-05,okanagan_corridor,Kelowna / Okanagan,Kelowna / Okanagan,KELOWNA,49.956,-119.378,16.9,26.9,5.4,0.0,10.08,26.0,26.0,0.0,27.62,75.0,27.17,24,ECCC/MSC GeoMet climate-hourly,open_free_processed,Daily aggregate from climate-hourly near Kelowna (KELOWNA).
2026-05-06,okanagan_corridor,Kelowna / Okanagan,Kelowna / Okanagan,KELOWNA,49.956,-119.378,17.73,27.1,6.1,0.0,8.54,35.0,35.0,0.0,30.93,75.0,31.44,24,ECCC/MSC GeoMet climate-hourly,open_free_processed,Daily aggregate from climate-hourly near Kelowna (KELOWNA).
2026-05-07,okanagan_corridor,Kelowna / Okanagan,Kelowna / Okanagan,KELOWNA,49.956,-119.378,18.31,25.8,7.9,0.0,15.29,50.0,50.0,0.0,33.25,75.0,37.9,24,ECCC/MSC GeoMet climate-hourly,open_free_processed,Daily aggregate from climate-hourly near Kelowna (KELOWNA).
2026-05-08,okanagan_corridor,Kelowna / Okanagan,Kelowna / Okanagan,KELOWNA,49.956,-119.378,15.54,25.9,5.9,0.0,9.83,28.0,28.0,0.0,22.15,75.0,26.88,24,ECCC/MSC GeoMet climate-hourly,open_free_processed,Daily aggregate from climate-hourly near Kelowna (KELOWNA).
2026-05-09,okanagan_corridor,Kelowna / Okanagan,Kelowna / Okanagan,KELOWNA,49.956,-119.378,15.02,25.0,3.7,0.0,9.38,28.0,28.0,0.0,20.08,75.0,26.47,24,ECCC/MSC GeoMet climate-hourly,open_free_processed,Daily aggregate from climate-hourly near Kelowna (KELOWNA).
2026-05-10,okanagan_corridor,Kelowna / Okanagan,Kelowna / Okanagan,KELOWNA,49.956,-119.378,16.41,24.3,9.1,0.0,5.54,13.0,13.0,0.0,25.63,75.0,21.58,24,ECCC/MSC GeoMet climate-hourly,open_free_processed,Daily aggregate from climate-hourly near Kelowna (KELOWNA).
2026-05-11,okanagan_corridor,Kelowna / Okanagan,Kelowna / Okanagan,KELOWNA,49.956,-119.378,16.45,24.2,8.0,0.5,12.29,32.0,32.0,1.0,25.8,75.0,29.46,24,ECCC/MSC GeoMet climate-hourly,open_free_processed,Daily aggregate from climate-hourly near Kelowna (KELOWNA).
2026-05-12,okanagan_corridor,Kelowna / Okanagan,Kelowna / Okanagan,KELOWNA,49.956,-119.378,15.4,26.0,5.4,0.0,10.83,32.0,32.0,0.0,21.58,75.0,28.37,24,ECCC/MSC GeoMet climate-hourly,open_free_processed,Daily aggregate from climate-hourly near Kelowna (KELOWNA).
2026-05-13,okanagan_corridor,Kelowna / Okanagan,Kelowna / Okanagan,KELOWNA,49.956,-119.378,15.42,26.2,10.3,13.5,9.04,18.0,18.0,27.0,21.7,10.0,19.79,24,ECCC/MSC GeoMet climate-hourly,open_free_processed,Daily aggregate from climate-hourly near Kelowna (KELOWNA).
2026-05-14,okanagan_corridor,Kelowna / Okanagan,Kelowna / Okanagan,KELOWNA,49.956,-119.378,14.19,19.0,11.6,0.8,18.88,37.0,37.0,1.6,16.77,75.0,29.8,24,ECCC/MSC GeoMet climate-hourly,open_free_processed,Daily aggregate from climate-hourly near Kelowna (KELOWNA).
2026-05-15,okanagan_corridor,Kelowna / Okanagan,Kelowna / Okanagan,KELOWNA,49.956,-119.378,11.42,17.9,5.3,0.0,14.42,35.0,35.0,0.0,5.67,75.0,26.38,24,ECCC/MSC GeoMet climate-hourly,open_free_processed,Daily aggregate from climate-hourly near Kelowna (KELOWNA).
2026-05-16,okanagan_corridor,Kelowna / Okanagan,Kelowna / Okanagan,KELOWNA,49.956,-119.378,9.05,13.8,2.7,0.0,7.5,28.0,28.0,0.0,3.8,75.0,23.21,24,ECCC/MSC GeoMet climate-hourly,open_free_processed,Daily aggregate from climate-hourly near Kelowna (KELOWNA).
2026-05-17,okanagan_corridor,Kelowna / Okanagan,Kelowna / Okanagan,KELOWNA,49.956,-119.378,10.71,18.4,7.1,1.0,4.79,11.0,11.0,2.0,2.83,75.0,16.72,24,ECCC/MSC GeoMet climate-hourly,open_free_processed,Daily aggregate from climate-hourly near Kelowna (KELOWNA).
2026-05-18,okanagan_corridor,Kelowna / Okanagan,Kelowna / Okanagan,KELOWNA,49.956,-119.378,13.12,20.1,4.4,0.0,7.83,34.0,34.0,0.0,12.48,75.0,27.35,24,ECCC/MSC GeoMet climate-hourly,open_free_processed,Daily aggregate from climate-hourly near Kelowna (KELOWNA).
2026-05-19,okanagan_corridor,Kelowna / Okanagan,Kelowna / Okanagan,KELOWNA,49.956,-119.378,14.7,19.5,8.6,0.0,12.46,28.0,28.0,0.0,18.78,75.0,26.21,24,ECCC/MSC GeoMet climate-hourly,open_free_processed,Daily aggregate from climate-hourly near Kelowna (KELOWNA).
2026-05-20,okanagan_corridor,Kelowna / Okanagan,Kelowna / Okanagan,KELOWNA,49.956,-119.378,13.57,22.0,5.8,0.0,8.08,22.0,22.0,0.0,14.28,75.0,22.91,24,ECCC/MSC GeoMet climate-hourly,open_free_processed,Daily aggregate from climate-hourly near Kelowna (KELOWNA).
2026-05-21,okanagan_corridor,Kelowna / Okanagan,Kelowna / Okanagan,KELOWNA,49.956,-119.378,13.18,22.0,2.2,0.0,9.46,30.0,30.0,0.0,12.73,75.0,25.8,24,ECCC/MSC GeoMet climate-hourly,open_free_processed,Daily aggregate from climate-hourly near Kelowna (KELOWNA).
2026-05-22,okanagan_corridor,Kelowna / Okanagan,Kelowna / Okanagan,KELOWNA,49.956,-119.378,15.55,23.9,7.0,0.0,9.71,30.0,30.0,0.0,22.22,75.0,27.69,24,ECCC/MSC GeoMet climate-hourly,open_free_processed,Daily aggregate from climate-hourly near Kelowna (KELOWNA).
2026-05-23,okanagan_corridor,Kelowna / Okanagan,Kelowna / Okanagan,KELOWNA,49.956,-119.378,18.18,26.6,9.2,0.0,13.38,35.0,35.0,0.0,32.73,75.0,31.8,24,ECCC/MSC GeoMet climate-hourly,open_free_processed,Daily aggregate from climate-hourly near Kelowna (KELOWNA).
2026-05-24,okanagan_corridor,Kelowna / Okanagan,Kelowna / Okanagan,KELOWNA,49.956,-119.378,19.53,26.6,12.0,0.0,18.17,32.0,32.0,0.0,38.1,75.0,31.67,24,ECCC/MSC GeoMet climate-hourly,open_free_processed,Daily aggregate from climate-hourly near Kelowna (KELOWNA).
2026-05-25,okanagan_corridor,Kelowna / Okanagan,Kelowna / Okanagan,KELOWNA,49.956,-119.378,19.07,26.2,10.8,0.0,13.62,37.0,37.0,0.0,36.27,75.0,33.3,24,ECCC/MSC GeoMet climate-hourly,open_free_processed,Daily aggregate from climate-hourly near Kelowna (KELOWNA).
2026-05-26,okanagan_corridor,Kelowna / Okanagan,Kelowna / Okanagan,KELOWNA,49.956,-119.378,17.07,24.3,12.9,0.0,13.42,35.0,35.0,0.0,28.3,75.0,30.91,24,ECCC/MSC GeoMet climate-hourly,open_free_processed,Daily aggregate from climate-hourly near Kelowna (KELOWNA).
2026-05-27,okanagan_corridor,Kelowna / Okanagan,Kelowna / Okanagan,KELOWNA,49.956,-119.378,16.57,25.0,9.8,0.0,6.0,13.0,13.0,0.0,26.28,75.0,21.71,24,ECCC/MSC GeoMet climate-hourly,open_free_processed,Daily aggregate from climate-hourly near Kelowna (KELOWNA).
2026-05-28,okanagan_corridor,Kelowna / Okanagan,Kelowna / Okanagan,KELOWNA,49.956,-119.378,20.44,32.3,10.7,0.0,4.75,9.0,9.0,0.0,41.77,75.0,23.2,24,ECCC/MSC GeoMet climate-hourly,open_free_processed,Daily aggregate from climate-hourly near Kelowna (KELOWNA).
2026-05-29,okanagan_corridor,Kelowna / Okanagan,Kelowna / Okanagan,KELOWNA,49.956,-119.378,21.18,33.6,16.6,11.9,12.25,30.0,30.0,23.8,44.73,10.0,28.4,24,ECCC/MSC GeoMet climate-hourly,open_free_processed,Daily aggregate from climate-hourly near Kelowna (KELOWNA).
2026-05-30,okanagan_corridor,Kelowna / Okanagan,Kelowna / Okanagan,KELOWNA,49.956,-119.378,13.52,20.3,6.0,0.0,9.83,26.0,26.0,0.0,14.08,75.0,24.47,24,ECCC/MSC GeoMet climate-hourly,open_free_processed,Daily aggregate from climate-hourly near Kelowna (KELOWNA).
2026-05-31,okanagan_corridor,Kelowna / Okanagan,Kelowna / Okanagan,KELOWNA,49.956,-119.378,15.88,23.0,8.9,0.0,10.0,22.0,22.0,0.0,23.53,75.0,24.76,24,ECCC/MSC GeoMet climate-hourly,open_free_processed,Daily aggregate from climate-hourly near Kelowna (KELOWNA).
2026-06-01,okanagan_corridor,Kelowna / Okanagan,Kelowna / Okanagan,KELOWNA,49.956,-119.378,15.0,22.9,7.7,0.0,15.58,43.0,43.0,0.0,19.98,75.0,32.45,24,ECCC/MSC GeoMet climate-hourly,open_free_processed,Daily aggregate from climate-hourly near Kelowna (KELOWNA).
2026-06-02,okanagan_corridor,Kelowna / Okanagan,Kelowna / Okanagan,KELOWNA,49.956,-119.378,13.97,24.7,5.6,0.0,9.67,39.0,39.0,0.0,15.9,75.0,30.03,24,ECCC/MSC GeoMet climate-hourly,open_free_processed,Daily aggregate from climate-hourly near Kelowna (KELOWNA).
2026-06-03,okanagan_corridor,Kelowna / Okanagan,Kelowna / Okanagan,KELOWNA,49.956,-119.378,20.2,25.6,12.4,0.2,6.88,34.0,34.0,0.4,40.78,75.0,33.11,24,ECCC/MSC GeoMet climate-hourly,open_free_processed,Daily aggregate from climate-hourly near Kelowna (KELOWNA).
2026-06-04,okanagan_corridor,Kelowna / Okanagan,Kelowna / Okanagan,KELOWNA,49.956,-119.378,15.74,23.5,11.0,3.4,12.21,37.0,37.0,6.8,22.97,40.0,27.09,24,ECCC/MSC GeoMet climate-hourly,open_free_processed,Daily aggregate from climate-hourly near Kelowna (KELOWNA).
2026-06-05,okanagan_corridor,Kelowna / Okanagan,Kelowna / Okanagan,KELOWNA,49.956,-119.378,17.21,23.6,11.3,0.0,13.25,34.0,34.0,0.0,28.83,75.0,30.62,24,ECCC/MSC GeoMet climate-hourly,open_free_processed,Daily aggregate from climate-hourly near Kelowna (KELOWNA).
2026-06-06,okanagan_corridor,Kelowna / Okanagan,Kelowna / Okanagan,KELOWNA,49.956,-119.378,13.03,19.2,4.6,0.0,11.92,34.0,34.0,0.0,12.13,75.0,27.28,24,ECCC/MSC GeoMet climate-hourly,open_free_processed,Daily aggregate from climate-hourly near Kelowna (KELOWNA).
2026-06-07,okanagan_corridor,Kelowna / Okanagan,Kelowna / Okanagan,KELOWNA,49.956,-119.378,12.2,19.1,8.4,0.9,12.17,26.0,26.0,1.8,8.78,75.0,23.86,24,ECCC/MSC GeoMet climate-hourly,open_free_processed,Daily aggregate from climate-hourly near Kelowna (KELOWNA).
2026-06-08,okanagan_corridor,Kelowna / Okanagan,Kelowna / Okanagan,KELOWNA,49.956,-119.378,12.84,20.9,1.3,0.0,10.62,30.0,30.0,0.0,11.35,75.0,25.52,24,ECCC/MSC GeoMet climate-hourly,open_free_processed,Daily aggregate from climate-hourly near Kelowna (KELOWNA).
2026-06-09,okanagan_corridor,Kelowna / Okanagan,Kelowna / Okanagan,KELOWNA,49.956,-119.378,14.83,20.7,10.4,1.3,10.79,30.0,30.0,2.6,19.32,75.0,27.76,24,ECCC/MSC GeoMet climate-hourly,open_free_processed,Daily aggregate from climate-hourly near Kelowna (KELOWNA).
2026-06-10,okanagan_corridor,Kelowna / Okanagan,Kelowna / Okanagan,KELOWNA,49.956,-119.378,14.11,18.9,8.9,1.9,15.12,34.0,34.0,3.8,16.45,75.0,29.09,24,ECCC/MSC GeoMet climate-hourly,open_free_processed,Daily aggregate from climate-hourly near Kelowna (KELOWNA).
2026-06-11,okanagan_corridor,Kelowna / Okanagan,Kelowna / Okanagan,KELOWNA,49.956,-119.378,16.23,25.2,6.9,0.0,6.79,15.0,15.0,0.0,24.92,75.0,22.23,24,ECCC/MSC GeoMet climate-hourly,open_free_processed,Daily aggregate from climate-hourly near Kelowna (KELOWNA).
2026-06-12,okanagan_corridor,Kelowna / Okanagan,Kelowna / Okanagan,KELOWNA,49.956,-119.378,18.26,25.4,10.4,0.0,13.79,35.0,35.0,0.0,33.05,75.0,31.86,24,ECCC/MSC GeoMet climate-hourly,open_free_processed,Daily aggregate from climate-hourly near Kelowna (KELOWNA).
2026-06-13,okanagan_corridor,Kelowna / Okanagan,Kelowna / Okanagan,KELOWNA,49.956,-119.378,17.3,27.3,6.0,0.0,10.42,28.0,28.0,0.0,29.22,75.0,28.29,24,ECCC/MSC GeoMet climate-hourly,open_free_processed,Daily aggregate from climate-hourly near Kelowna (KELOWNA).
2026-06-14,okanagan_corridor,Kelowna / Okanagan,Kelowna / Okanagan,KELOWNA,49.956,-119.378,19.71,30.5,8.5,0.0,9.96,35.0,35.0,0.0,38.85,75.0,33.02,24,ECCC/MSC GeoMet climate-hourly,open_free_processed,Daily aggregate from climate-hourly near Kelowna (KELOWNA).
2026-06-15,okanagan_corridor,Kelowna / Okanagan,Kelowna / Okanagan,KELOWNA,49.956,-119.378,21.73,30.6,11.4,0.0,9.29,30.0,30.0,0.0,46.93,75.0,32.64,24,ECCC/MSC GeoMet climate-hourly,open_free_processed,Daily aggregate from climate-hourly near Kelowna (KELOWNA).
2026-06-16,okanagan_corridor,Kelowna / Okanagan,Kelowna / Okanagan,KELOWNA,49.956,-119.378,24.82,29.3,20.7,0.0,20.0,39.0,39.0,0.0,59.27,75.0,38.7,24,ECCC/MSC GeoMet climate-hourly,open_free_processed,Daily aggregate from climate-hourly near Kelowna (KELOWNA).
2026-06-17,okanagan_corridor,Kelowna / Okanagan,Kelowna / Okanagan,KELOWNA,49.956,-119.378,20.07,25.9,13.9,0.0,11.38,37.0,37.0,0.0,40.3,75.0,34.11,24,ECCC/MSC GeoMet climate-hourly,open_free_processed,Daily aggregate from climate-hourly near Kelowna (KELOWNA).
2026-06-18,okanagan_corridor,Kelowna / Okanagan,Kelowna / Okanagan,KELOWNA,49.956,-119.378,18.75,27.5,7.9,0.0,8.62,28.0,28.0,0.0,35.02,75.0,29.45,24,ECCC/MSC GeoMet climate-hourly,open_free_processed,Daily aggregate from climate-hourly near Kelowna (KELOWNA).
2026-06-19,okanagan_corridor,Kelowna / Okanagan,Kelowna / Okanagan,KELOWNA,49.956,-119.378,19.66,31.6,8.1,0.0,6.17,15.0,15.0,0.0,38.65,75.0,24.98,24,ECCC/MSC GeoMet climate-hourly,open_free_processed,Daily aggregate from climate-hourly near Kelowna (KELOWNA).
2026-06-20,okanagan_corridor,Kelowna / Okanagan,Kelowna / Okanagan,KELOWNA,49.956,-119.378,23.01,31.8,14.2,0.0,14.21,35.0,35.0,0.0,52.05,75.0,35.66,24,ECCC/MSC GeoMet climate-hourly,open_free_processed,Daily aggregate from climate-hourly near Kelowna (KELOWNA).
2026-06-21,okanagan_corridor,Kelowna / Okanagan,Kelowna / Okanagan,KELOWNA,49.956,-119.378,18.55,25.9,8.3,0.0,11.67,39.0,39.0,0.0,34.22,75.0,33.69,24,ECCC/MSC GeoMet climate-hourly,open_free_processed,Daily aggregate from climate-hourly near Kelowna (KELOWNA).
2026-06-22,okanagan_corridor,Kelowna / Okanagan,Kelowna / Okanagan,KELOWNA,49.956,-119.378,18.94,28.3,8.1,0.0,14.88,41.0,41.0,0.0,35.75,75.0,34.8,24,ECCC/MSC GeoMet climate-hourly,open_free_processed,Daily aggregate from climate-hourly near Kelowna (KELOWNA).
2026-06-23,okanagan_corridor,Kelowna / Okanagan,Kelowna / Okanagan,KELOWNA,49.956,-119.378,22.81,28.5,14.7,0.0,17.12,30.0,30.0,0.0,51.25,75.0,33.5,8,ECCC/MSC GeoMet climate-hourly,open_free_processed,Daily aggregate from climate-hourly near Kelowna (KELOWNA).
